classification,init_url,page_num
"家用电器,个护健康,足浴盆","http://list.jd.com/list.html?cat=737,1276,963",18
"食品饮料,茗茶,白茶","http://list.jd.com/list.html?cat=1320,12202,12213",36
"个护化妆,洗发护发,洗发","http://list.jd.com/list.html?cat=1316,1386,11922",239
"图书,进口原版,Self-Help（励志自助）","http://list.jd.com/list.html?cat=1713,4855,4882",189
"电脑、办公,网络产品,网络盒子","http://list.jd.com/list.html?cat=670,699,11304",42
"礼品箱包,奢侈品,高档化妆品","http://list.jd.com/list.html?cat=1672,2615,11937",67
"母婴,营养辅食,米粉/菜粉","http://list.jd.com/list.html?cat=1319,1524,1533",116
"礼品箱包,功能箱包,妈咪包","http://list.jd.com/list.html?cat=1672,2577,5271",52
"服饰内衣,服饰配件,遮阳帽","http://list.jd.com/list.html?cat=1315,1346,9794",213
"玩具乐器,乐器,吉他/尤克里里","http://list.jd.com/list.html?cat=6233,6291,6299",240
"汽车用品,维修保养,后视镜","http://list.jd.com/list.html?cat=6728,6742,9988",260
"个护化妆,口腔护理,牙膏/牙粉","http://list.jd.com/list.html?cat=1316,1384,1405",214
"电脑、办公,电脑配件,CPU","http://list.jd.com/list.html?cat=670,677,678",14
"个护化妆,身体护理,染发/造型","http://list.jd.com/list.html?cat=1316,1383,5149",8
"家居家装,灯具,筒灯射灯","http://list.jd.com/list.html?cat=1620,1623,11971",3
"食品饮料,地方特产,云南","http://list.jd.com/list.html?cat=1320,1581,2670",8
"生鲜,水果,牛油果","http://list.jd.com/list.html?cat=12218,12221,13564",4
"服饰内衣,内衣,少女文胸","http://list.jd.com/list.html?cat=1315,1345,12009",100
"服饰内衣,男装,卫裤/运动裤","http://list.jd.com/list.html?cat=1315,1342,12003",237
"母婴,童装童鞋,内衣/家居服","http://list.jd.com/list.html?cat=1319,11842,11227",226
"运动户外,游泳用品,女士泳衣","http://list.jd.com/list.html?cat=1318,12154,12158",219
"服饰内衣,男装,西服","http://list.jd.com/list.html?cat=1315,1342,9731",249
"汽车用品,汽车装饰,挂件摆件","http://list.jd.com/list.html?cat=6728,6745,11888",334
"汽车用品,赛事改装,赛事服装","http://list.jd.com/list.html?cat=6728,13256,13257",58
"食品饮料,休闲食品,无糖食品","http://list.jd.com/list.html?cat=1320,1583,7121",26
"礼品箱包,功能箱包,拉杆箱","http://list.jd.com/list.html?cat=1672,2577,2589",217
"数码,摄影摄像,单反相机","http://list.jd.com/list.html?cat=652,654,832",143
"厨具,茶具/咖啡具,整套茶具","http://list.jd.com/list.html?cat=6196,11143,11148",224
"手机,手机配件,手机贴膜","http://list.jd.com/list.html?cat=9987,830,867",238
"个护化妆,面部护肤,面膜","http://list.jd.com/list.html?cat=1316,1381,1392",257
"家居家装,家纺,毯子","http://list.jd.com/list.html?cat=1620,1621,1630",168
"玩具乐器,乐器,乐器配件","http://list.jd.com/list.html?cat=6233,6291,6305",256
"个护化妆,洗发护发,护发","http://list.jd.com/list.html?cat=1316,1386,11923",227
"家用电器,厨房小电,电烤箱","http://list.jd.com/list.html?cat=737,752,759",20
"电脑、办公,文具/耗材,笔类","http://list.jd.com/list.html?cat=670,729,2603",330
"汽车用品,美容清洗,玻璃水","http://list.jd.com/list.html?cat=6728,6743,6757",144
"运动户外,体育用品,篮球","http://list.jd.com/list.html?cat=1318,1466,1698",220
"食品饮料,地方特产,其他特产","http://list.jd.com/list.html?cat=1320,1581,12217",102
"食品饮料,休闲食品,坚果炒货","http://list.jd.com/list.html?cat=1320,1583,1591",235
"电脑、办公,文具/耗材,财会用品","http://list.jd.com/list.html?cat=670,729,7372",202
"数码,影音娱乐,便携/无线音箱","http://list.jd.com/list.html?cat=652,828,13662",146
"图书,进口原版,Business & Investing（商业与投资）","http://list.jd.com/list.html?cat=1713,4855,4858",199
"电脑、办公,外设产品,鼠标垫","http://list.jd.com/list.html?cat=670,686,826",101
"电脑、办公,外设产品,鼠标","http://list.jd.com/list.html?cat=670,686,690",206
"个护化妆,身体护理,纤体塑形","http://list.jd.com/list.html?cat=1316,1383,5164",69
"运动户外,户外装备,背包","http://list.jd.com/list.html?cat=1318,1462,1472",334
"母婴,营养辅食,益生菌/初乳","http://list.jd.com/list.html?cat=1319,1524,1537",23
"电脑、办公,外设产品,U盘","http://list.jd.com/list.html?cat=670,686,694",227
"珠宝首饰,时尚饰品,毛衣链","http://list.jd.com/list.html?cat=6144,6182,13069",253
"服饰内衣,内衣,打底衫","http://list.jd.com/list.html?cat=1315,1345,12014",223
"运动户外,户外装备,登山攀岩","http://list.jd.com/list.html?cat=1318,1462,1475",209
"服饰内衣,女装,小西装","http://list.jd.com/list.html?cat=1315,1343,9711",238
"家用电器,生活电器,挂烫机/熨斗","http://list.jd.com/list.html?cat=737,738,1279",28
"家用电器,厨房小电,电压力锅","http://list.jd.com/list.html?cat=737,752,881",14
"电脑、办公,文具/耗材,本册/便签","http://list.jd.com/list.html?cat=670,729,7371",229
"家居家装,灯具,吸顶灯","http://list.jd.com/list.html?cat=1620,1623,4954",35
"个护化妆,香水彩妆,唇部","http://list.jd.com/list.html?cat=1316,1387,1425",268
"食品饮料,地方特产,福建","http://list.jd.com/list.html?cat=1320,1581,2653",12
"家用电器,生活电器,除湿机","http://list.jd.com/list.html?cat=737,738,1283",18
"珠宝首饰,彩宝,葡萄石","http://list.jd.com/list.html?cat=6144,6174,13078",13
"珠宝首饰,彩宝,珊瑚","http://list.jd.com/list.html?cat=6144,6174,13075",5
"服饰内衣,服饰配件,老花镜","http://list.jd.com/list.html?cat=1315,1346,12017",82
"服饰内衣,男装,风衣","http://list.jd.com/list.html?cat=1315,1342,9728",265
"鞋靴,流行男鞋,正装鞋","http://list.jd.com/list.html?cat=11729,11730,6906",249
"汽车用品,维修保养,雨刷","http://list.jd.com/list.html?cat=6728,6742,6766",323
"服饰内衣,服饰配件,游泳镜","http://list.jd.com/list.html?cat=1315,1346,12020",15
"服饰内衣,服饰配件,毛线手套","http://list.jd.com/list.html?cat=1315,1346,12027",172
"服饰内衣,服饰配件,假领","http://list.jd.com/list.html?cat=1315,1346,12037",147
"食品饮料,地方特产,新疆","http://list.jd.com/list.html?cat=1320,1581,1589",16
"生鲜,猪牛羊肉,羊肉","http://list.jd.com/list.html?cat=12218,13581,13583",19
"食品饮料,饮料冲调,牛奶乳品","http://list.jd.com/list.html?cat=1320,1585,9434",62
"汽车用品,汽车装饰,空气净化","http://list.jd.com/list.html?cat=6728,6745,11886",251
"钟表,钟表,日韩表","http://list.jd.com/list.html?cat=5025,5026,13669",334
"家居家装,家纺,沙发垫套/椅垫","http://list.jd.com/list.html?cat=1620,1621,11161",203
"电脑、办公,电脑配件,机箱","http://list.jd.com/list.html?cat=670,677,687",39
"食品饮料,饮料冲调,咖啡/奶茶","http://list.jd.com/list.html?cat=1320,1585,3986",203
"个护化妆,面部护肤,洁面","http://list.jd.com/list.html?cat=1316,1381,1389",238
"母婴,喂养用品,吸奶器","http://list.jd.com/list.html?cat=1319,1526,1550",70
"家用电器,大 家 电,酒柜","http://list.jd.com/list.html?cat=737,794,12401",35
"食品饮料,茗茶,龙井","http://list.jd.com/list.html?cat=1320,12202,12205",52
"生鲜,水果,更多水果","http://list.jd.com/list.html?cat=12218,12221,13571",41
"玩具乐器,毛绒布艺,毛绒/布艺","http://list.jd.com/list.html?cat=6233,6236,6254",293
"电脑、办公,办公设备,会议音频视频","http://list.jd.com/list.html?cat=670,716,7375",207
"数码,数码配件,移动电源","http://list.jd.com/list.html?cat=652,829,1219",10
"家居家装,家装软饰,帘艺隔断","http://list.jd.com/list.html?cat=1620,11158,11964",66
"运动户外,户外鞋服,登山鞋","http://list.jd.com/list.html?cat=1318,2628,12134",233
"珠宝首饰,彩宝,戒指","http://list.jd.com/list.html?cat=6144,6174,6186",172
"礼品箱包,功能箱包,书包","http://list.jd.com/list.html?cat=1672,2577,5265",317
"母婴,尿裤湿巾,婴儿湿巾","http://list.jd.com/list.html?cat=1319,1525,1548",78
"服饰内衣,女装,马甲","http://list.jd.com/list.html?cat=1315,1343,9714",231
"汽车用品,汽车服务,保养维修","http://list.jd.com/list.html?cat=6728,12402,12405",42
"家用电器,五金家装,淋浴花洒","http://list.jd.com/list.html?cat=737,1277,5006",7
"汽车用品,汽车装饰,香水","http://list.jd.com/list.html?cat=6728,6745,6785",228
"整车,二手车,SUV（二手）","http://list.jd.com/list.html?cat=12379,13302,13310",320
"鞋靴,时尚女鞋,特色鞋","http://list.jd.com/list.html?cat=11729,11731,9780",26
"厨具,刀剪菜板,砧板","http://list.jd.com/list.html?cat=6196,6198,6212",57
"生鲜,禽肉蛋品,鸭肉","http://list.jd.com/list.html?cat=12218,13586,13588",3
"个护化妆,清洁用品,驱虫用品","http://list.jd.com/list.html?cat=1316,1625,1669",204
"数码,摄影摄像,镜头","http://list.jd.com/list.html?cat=652,654,834",114
"珠宝首饰,时尚饰品,发饰/发卡","http://list.jd.com/list.html?cat=6144,6182,6192",236
"电脑、办公,办公设备,收银机","http://list.jd.com/list.html?cat=670,716,7373",55
"家用电器,五金家装,厨卫五金","http://list.jd.com/list.html?cat=737,1277,1293",15
"汽车用品,汽车装饰,车衣","http://list.jd.com/list.html?cat=6728,6745,6798",277
"电脑、办公,电脑整机,服务器/工作站","http://list.jd.com/list.html?cat=670,671,674",301
"家用电器,个护健康,剃须刀","http://list.jd.com/list.html?cat=737,1276,739",101
"厨具,茶具/咖啡具,茶壶","http://list.jd.com/list.html?cat=6196,11143,11150",227
"珠宝首饰,银饰,足银手镯","http://list.jd.com/list.html?cat=6144,6155,11238",225
"食品饮料,食品礼券,卡券","http://list.jd.com/list.html?cat=1320,2641,12216",84
"礼品箱包,婚庆,婚庆服务","http://list.jd.com/list.html?cat=1672,12059,7069",4
"母婴,童装童鞋,礼服/演出服","http://list.jd.com/list.html?cat=1319,11842,11228",284
"汽车用品,维修保养,车灯","http://list.jd.com/list.html?cat=6728,6742,6768",300
"母婴,尿裤湿巾,婴儿尿裤","http://list.jd.com/list.html?cat=1319,1525,7057",235
"家用电器,厨房小电,其它厨房电器","http://list.jd.com/list.html?cat=737,752,803",120
"服饰内衣,女装,雪纺衫","http://list.jd.com/list.html?cat=1315,1343,9713",239
"图书,套装书","http://list.jd.com/list.html?cat=1713,3296&jth=i",103
"电脑、办公,电脑配件,散热器","http://list.jd.com/list.html?cat=670,677,682",49
"汽车用品,汽车服务,油卡充值","http://list.jd.com/list.html?cat=6728,12402,13121",66
"图书,国学/古籍","http://list.jd.com/list.html?cat=1713,3275&jth=i",239
"礼品箱包,潮流女包,卡包/零钱包","http://list.jd.com/list.html?cat=1672,2575,12070",173
"数码,智能设备,无人机","http://list.jd.com/list.html?cat=652,12345,12807",30
"玩具乐器,娃娃玩具,卡通娃娃","http://list.jd.com/list.html?cat=6233,6237,6258",168
"家用电器,五金家装,龙头","http://list.jd.com/list.html?cat=737,1277,5005",5
"礼品箱包,礼品,京东卡","http://list.jd.com/list.html?cat=1672,2599,6980",6
"电脑、办公,文具/耗材,办公文具","http://list.jd.com/list.html?cat=670,729,4837",260
"运动户外,骑行运动,穿戴装备","http://list.jd.com/list.html?cat=1318,12115,12121",334
"运动户外,户外鞋服,抓绒衣裤","http://list.jd.com/list.html?cat=1318,2628,12128",244
"家用电器,大 家 电,洗衣机","http://list.jd.com/list.html?cat=737,794,880",47
"母婴,童装童鞋,皮鞋/帆布鞋","http://list.jd.com/list.html?cat=1319,11842,11230",226
"服饰内衣,内衣,男式内裤","http://list.jd.com/list.html?cat=1315,1345,9744",238
"服饰内衣,内衣,商务男袜","http://list.jd.com/list.html?cat=1315,1345,9745",207
"数码,智能设备,智能手环","http://list.jd.com/list.html?cat=652,12345,12347",214
"电脑、办公,外设产品,网络仪表仪器","http://list.jd.com/list.html?cat=670,686,12799",30
"服饰内衣,服饰配件,装饰眼镜","http://list.jd.com/list.html?cat=1315,1346,12018",103
"运动户外,体育用品,羽毛球","http://list.jd.com/list.html?cat=1318,1466,1695",281
"运动户外,运动服饰,毛衫/线衫","http://list.jd.com/list.html?cat=1318,12102,12105",219
"运动户外,垂钓用品,浮漂鱼饵","http://list.jd.com/list.html?cat=1318,12147,12149",202
"电脑、办公,外设产品,电脑工具","http://list.jd.com/list.html?cat=670,686,1050",52
"服饰内衣,服饰配件,棒球帽","http://list.jd.com/list.html?cat=1315,1346,9792",220
"服饰内衣,男装,仿皮皮衣","http://list.jd.com/list.html?cat=1315,1342,9725",251
"厨具,茶具/咖啡具,茶具配件","http://list.jd.com/list.html?cat=6196,11143,11153",218
"家居家装,家纺,桌布/罩件","http://list.jd.com/list.html?cat=1620,1621,11159",203
"玩具乐器,健身玩具,炫舞毯","http://list.jd.com/list.html?cat=6233,6260,6265",31
"电脑、办公,文具/耗材,墨盒","http://list.jd.com/list.html?cat=670,729,731",197
"电脑、办公,办公设备,安防监控","http://list.jd.com/list.html?cat=670,716,7374",272
"汽车用品,汽车装饰,座套","http://list.jd.com/list.html?cat=6728,6745,11882",334
"玩具乐器,动漫玩具,卡通周边","http://list.jd.com/list.html?cat=6233,6264,6273",274
"家居家装,灯具,应急灯/手电","http://list.jd.com/list.html?cat=1620,1623,1654",7
"电脑、办公,办公设备,装订/封装机","http://list.jd.com/list.html?cat=670,716,4839",176
"汽车用品,赛事改装,赛事用品","http://list.jd.com/list.html?cat=6728,13256,13258",7
"汽车用品,赛事改装,制动系统","http://list.jd.com/list.html?cat=6728,13256,13259",17
"家用电器,个护健康,口腔护理","http://list.jd.com/list.html?cat=737,1276,741",75
"汽车用品,汽车装饰,车身装饰件","http://list.jd.com/list.html?cat=6728,6745,11953",292
"汽车用品,汽车装饰,功能小件","http://list.jd.com/list.html?cat=6728,6745,11889",270
"珠宝首饰,银饰,银耳饰","http://list.jd.com/list.html?cat=6144,6155,13070",215
"数码,智能设备,运动跟踪器","http://list.jd.com/list.html?cat=652,12345,12350",7
"家用电器,生活电器,饮水机","http://list.jd.com/list.html?cat=737,738,750",13
"数码,摄影摄像,户外器材","http://list.jd.com/list.html?cat=652,654,12343",30
"母婴,喂养用品,辅食料理机","http://list.jd.com/list.html?cat=1319,1526,12197",30
"个护化妆,清洁用品,衣物清洁","http://list.jd.com/list.html?cat=1316,1625,1662",149
"汽车用品,美容清洗,毛巾掸子","http://list.jd.com/list.html?cat=6728,6743,13254",227
"汽车用品,赛事改装,排气系统","http://list.jd.com/list.html?cat=6728,13256,13262",3
"母婴,洗护用品,理发器","http://list.jd.com/list.html?cat=1319,1527,12341",35
"汽车用品,美容清洗,打蜡机","http://list.jd.com/list.html?cat=6728,6743,13296",12
"数码,摄影摄像,拍立得","http://list.jd.com/list.html?cat=652,654,7170",18
"食品饮料,饮料冲调,饮料","http://list.jd.com/list.html?cat=1320,1585,1602",136
"厨具,茶具/咖啡具,茶盘茶托","http://list.jd.com/list.html?cat=6196,11143,11151",209
"珠宝首饰,铂金,铂金耳饰","http://list.jd.com/list.html?cat=6144,12040,12046",21
"手机,手机配件,电池/移动电源","http://list.jd.com/list.html?cat=9987,830,860",7
"珠宝首饰,珍珠,珍珠手链","http://list.jd.com/list.html?cat=6144,12042,12056",78
"家用电器,厨卫大电,燃气灶","http://list.jd.com/list.html?cat=737,13297,13298",49
"礼品箱包,礼品,礼品文具","http://list.jd.com/list.html?cat=1672,2599,1442",267
"母婴,喂养用品,牙胶安抚","http://list.jd.com/list.html?cat=1319,1526,1553",103
"服饰内衣,内衣,内衣配件","http://list.jd.com/list.html?cat=1315,1345,12012",39
"数码,电子教育,学生平板","http://list.jd.com/list.html?cat=652,12346,12358",22
"礼品箱包,功能箱包,电脑包","http://list.jd.com/list.html?cat=1672,2577,3997",219
"厨具,烹饪锅具,煎锅","http://list.jd.com/list.html?cat=6196,6197,6200",72
"食品饮料,地方特产,山西","http://list.jd.com/list.html?cat=1320,1581,2647",26
"珠宝首饰,铂金,铂金手镯/手链/脚链","http://list.jd.com/list.html?cat=6144,12040,12044",27
"食品饮料,休闲食品,蜜饯果干","http://list.jd.com/list.html?cat=1320,1583,1593",215
"家用电器,大 家 电,DVD/电视盒子","http://list.jd.com/list.html?cat=737,794,965",9
"电脑、办公,办公设备,投影机","http://list.jd.com/list.html?cat=670,716,722",249
"母婴,奶粉,孕妈奶粉","http://list.jd.com/list.html?cat=1319,1523,7054",26
"运动户外,户外装备,户外仪表","http://list.jd.com/list.html?cat=1318,1462,2631",217
"礼品箱包,礼品,创意礼品","http://list.jd.com/list.html?cat=1672,2599,5266",285
"母婴,寝居服饰,家居床品","http://list.jd.com/list.html?cat=1319,6313,6316",226
"电脑、办公,外设产品,线缆","http://list.jd.com/list.html?cat=670,686,1049",304
"汽车用品,安全自驾,安全座椅","http://list.jd.com/list.html?cat=6728,6747,6792",96
"服饰内衣,男装,大码男装","http://list.jd.com/list.html?cat=1315,1342,9739",222
"家用电器,厨卫大电,消毒柜","http://list.jd.com/list.html?cat=737,13297,1301",32
"食品饮料,茗茶,乌龙茶","http://list.jd.com/list.html?cat=1320,12202,12208",148
"生鲜,海鲜水产,虾类","http://list.jd.com/list.html?cat=12218,12222,12242",32
"家居家装,生活日用,浴室用品","http://list.jd.com/list.html?cat=1620,1624,1657",233
"珠宝首饰,珍珠,珍珠耳饰","http://list.jd.com/list.html?cat=6144,12042,12055",166
"汽车用品,赛事改装,进气系统","http://list.jd.com/list.html?cat=6728,13256,13261",17
"生鲜,蔬菜,半加工蔬菜","http://list.jd.com/list.html?cat=12218,13553,13578",6
"汽车用品,安全自驾,自驾野营","http://list.jd.com/list.html?cat=6728,6747,11898",266
"电脑、办公,游戏设备,游戏软件","http://list.jd.com/list.html?cat=670,12800,12804",55
"家用电器,厨卫大电,洗碗机","http://list.jd.com/list.html?cat=737,13297,13117",4
"家用电器,厨房小电,面包机","http://list.jd.com/list.html?cat=737,752,899",13
"数码,数码配件,相机清洁/贴膜","http://list.jd.com/list.html?cat=652,829,851",29
"整车,二手车,紧凑型车（二手）","http://list.jd.com/list.html?cat=12379,13302,13305",310
"家居家装,生活日用,收纳用品","http://list.jd.com/list.html?cat=1620,1624,1655",250
"服饰内衣,服饰配件,鸭舌帽","http://list.jd.com/list.html?cat=1315,1346,12023",187
"食品饮料,茗茶,花果茶","http://list.jd.com/list.html?cat=1320,12202,12210",16
"电脑、办公,文具/耗材,文件管理","http://list.jd.com/list.html?cat=670,729,4840",229
"母婴,寝居服饰,婴儿外出服","http://list.jd.com/list.html?cat=1319,6313,6314",334
"数码,数码配件,镜头附件","http://list.jd.com/list.html?cat=652,829,10972",112
"服饰内衣,女装,旗袍/唐装","http://list.jd.com/list.html?cat=1315,1343,11986",256
"礼品箱包,功能箱包,相机包","http://list.jd.com/list.html?cat=1672,2577,12074",30
"家用电器,厨卫大电,油烟机","http://list.jd.com/list.html?cat=737,13297,1300",169
"手机,手机配件,手机饰品","http://list.jd.com/list.html?cat=9987,830,11302",70
"服饰内衣,女装,短外套","http://list.jd.com/list.html?cat=1315,1343,9712",252
"生鲜,禽肉蛋品,鸡肉","http://list.jd.com/list.html?cat=12218,13586,13587",11
"个护化妆,面部护肤,眼霜","http://list.jd.com/list.html?cat=1316,1381,13547",204
"珠宝首饰,彩宝,耳饰","http://list.jd.com/list.html?cat=6144,6174,6181",39
"珠宝首饰,铂金,铂金项链","http://list.jd.com/list.html?cat=6144,12040,12043",68
"电脑、办公,文具/耗材,色带","http://list.jd.com/list.html?cat=670,729,733",215
"运动户外,体育用品,乒乓球","http://list.jd.com/list.html?cat=1318,1466,1694",246
"家用电器,五金家装,电动工具","http://list.jd.com/list.html?cat=737,1277,934",10
"家居家装,灯具,LED灯","http://list.jd.com/list.html?cat=1620,1623,4955",14
"玩具乐器,适用年龄,0-6个月","http://list.jd.com/list.html?cat=6233,6234,6239",22
"珠宝首饰,K金饰品,K金手镯/手链/脚链","http://list.jd.com/list.html?cat=6144,13062,13066",44
"电脑、办公,办公设备,多功能一体机","http://list.jd.com/list.html?cat=670,716,720",158
"汽车用品,车载电器,车载电台","http://list.jd.com/list.html?cat=6728,6740,12409",8
"个护化妆,清洁用品,家庭清洁","http://list.jd.com/list.html?cat=1316,1625,1663",224
"汽车用品,美容清洗,镀晶镀膜","http://list.jd.com/list.html?cat=6728,6743,13251",12
"生鲜,饮品甜品,冰激凌","http://list.jd.com/list.html?cat=12218,13598,13603",4
"服饰内衣,女装,皮草","http://list.jd.com/list.html?cat=1315,1343,11993",221
"服饰内衣,男装,真皮皮衣","http://list.jd.com/list.html?cat=1315,1342,12001",223
"家居家装,家装软饰,装饰摆件","http://list.jd.com/list.html?cat=1620,11158,11166",269
"玩具乐器,乐器,西洋管弦","http://list.jd.com/list.html?cat=6233,6291,6301",82
"服饰内衣,女装,半身裙","http://list.jd.com/list.html?cat=1315,1343,9720",265
"个护化妆,香水彩妆,眼影","http://list.jd.com/list.html?cat=1316,1387,1422",221
"汽车用品,维修保养,蓄电池","http://list.jd.com/list.html?cat=6728,6742,9971",254
"运动户外,户外鞋服,休闲鞋","http://list.jd.com/list.html?cat=1318,2628,12138",227
"母婴,洗护用品,婴儿口腔清洁","http://list.jd.com/list.html?cat=1319,1527,13289",35
"汽车用品,车载电器,电源","http://list.jd.com/list.html?cat=6728,6740,6749",225
"母婴,妈妈专区,产后塑身","http://list.jd.com/list.html?cat=1319,4997,5001",57
"电脑、办公,网络产品,网卡","http://list.jd.com/list.html?cat=670,699,701",45
"母婴,洗护用品,奶瓶清洗","http://list.jd.com/list.html?cat=1319,1527,1558",41
"汽车用品,维修保养,柴机油/辅助油","http://list.jd.com/list.html?cat=6728,6742,13295",148
"手机,手机配件,苹果周边","http://list.jd.com/list.html?cat=9987,830,13659",262
"数码,智能设备,智能机器人","http://list.jd.com/list.html?cat=652,12345,12806",13
"钟表,钟表,国表","http://list.jd.com/list.html?cat=5025,5026,13674",333
"食品饮料,食品礼券,粽子","http://list.jd.com/list.html?cat=1320,2641,4935",14
"个护化妆,面部护肤,T区护理","http://list.jd.com/list.html?cat=1316,1381,1395",14
"电脑、办公,电脑配件,声卡/扩展卡","http://list.jd.com/list.html?cat=670,677,5008",19
"运动户外,户外装备,旅行装备","http://list.jd.com/list.html?cat=1318,1462,2691",245
"母婴,营养辅食,宝宝零食","http://list.jd.com/list.html?cat=1319,1524,12191",143
"鞋靴,时尚女鞋,布鞋/绣花鞋","http://list.jd.com/list.html?cat=11729,11731,6918",204
"汽车用品,赛事改装,电子管理","http://list.jd.com/list.html?cat=6728,13256,13263",19
"珠宝首饰,钻石,裸钻","http://list.jd.com/list.html?cat=6144,6160,6161",42
"厨具,烹饪锅具,压力锅","http://list.jd.com/list.html?cat=6196,6197,6201",37
"家用电器,五金家装,监控安防","http://list.jd.com/list.html?cat=737,1277,6979",3
"家用电器,厨房小电,养生壶/煎药壶","http://list.jd.com/list.html?cat=737,752,12397",41
"食品饮料,粮油调味,方便食品","http://list.jd.com/list.html?cat=1320,1584,2679",239
"电脑、办公,文具/耗材,画具画材","http://list.jd.com/list.html?cat=670,729,12376",240
"母婴,童装童鞋,户外/运动服","http://list.jd.com/list.html?cat=1319,11842,11843",123
"运动户外,健身训练,健身车/动感单车","http://list.jd.com/list.html?cat=1318,1463,1483",214
"汽车用品,安全自驾,防盗设备","http://list.jd.com/list.html?cat=6728,6747,11955",254
"运动户外,户外鞋服,工装鞋","http://list.jd.com/list.html?cat=1318,2628,12139",217
"汽车用品,美容清洗,洗车水枪","http://list.jd.com/list.html?cat=6728,6743,13253",230
"珠宝首饰,翡翠玉石,手镯/手串","http://list.jd.com/list.html?cat=6144,6167,6169",245
"运动户外,户外鞋服,溯溪鞋","http://list.jd.com/list.html?cat=1318,2628,12140",58
"母婴,童装童鞋,上衣","http://list.jd.com/list.html?cat=1319,11842,11223",278
"汽车用品,美容清洗,清洁剂","http://list.jd.com/list.html?cat=6728,6743,11878",228
"家用电器,厨房小电,豆浆机","http://list.jd.com/list.html?cat=737,752,756",9
"珠宝首饰,黄金,黄金转运珠","http://list.jd.com/list.html?cat=6144,6145,13065",205
"个护化妆,清洁用品,一次性用品","http://list.jd.com/list.html?cat=1316,1625,11970",210
"电脑、办公,外设产品,电脑清洁","http://list.jd.com/list.html?cat=670,686,1051",4
"运动户外,户外鞋服,越野跑鞋","http://list.jd.com/list.html?cat=1318,2628,12137",223
"电脑、办公,电脑配件,内存","http://list.jd.com/list.html?cat=670,677,680",60
"个护化妆,身体护理,香皂","http://list.jd.com/list.html?cat=1316,1383,1402",8
"母婴,童装童鞋,靴子","http://list.jd.com/list.html?cat=1319,11842,11231",237
"母婴,尿裤湿巾,拉拉裤","http://list.jd.com/list.html?cat=1319,1525,1546",98
"个护化妆,面部护肤,眼部护理","http://list.jd.com/list.html?cat=1316,1381,1393",104
"家居家装,家纺,被子","http://list.jd.com/list.html?cat=1620,1621,1627",205
"厨具,刀剪菜板,刀具套装","http://list.jd.com/list.html?cat=6196,6198,6211",69
"个护化妆,香水彩妆,美甲","http://list.jd.com/list.html?cat=1316,1387,1428",268
"母婴,妈妈专区,月子装","http://list.jd.com/list.html?cat=1319,4997,12199",161
"整车,二手车,跑车（二手）","http://list.jd.com/list.html?cat=12379,13302,13311",19
"生鲜,水果,桃/李/杏","http://list.jd.com/list.html?cat=12218,12221,13570",3
"整车,二手车,皮卡（二手）","http://list.jd.com/list.html?cat=12379,13302,13312",6
"运动户外,游泳用品,泳帽","http://list.jd.com/list.html?cat=1318,12154,12156",50
"家居家装,家装软饰,手工/十字绣","http://list.jd.com/list.html?cat=1620,11158,11165",304
"厨具,水具酒具,杯具套装","http://list.jd.com/list.html?cat=6196,6219,11979",46
"厨具,餐具,餐具套装","http://list.jd.com/list.html?cat=6196,6227,6228",213
"服饰内衣,男装,衬衫","http://list.jd.com/list.html?cat=1315,1342,1348",313
"家居家装,家纺,床垫/床褥","http://list.jd.com/list.html?cat=1620,1621,1631",139
"手机,手机配件,手机电池","http://list.jd.com/list.html?cat=9987,830,13657",222
"母婴,童车童床,自行车","http://list.jd.com/list.html?cat=1319,1528,1566",41
"电脑、办公,服务产品,维修保养","http://list.jd.com/list.html?cat=670,703,12429",5
"鞋靴,时尚女鞋,单鞋","http://list.jd.com/list.html?cat=11729,11731,6914",273
"汽车用品,车载电器,车载电器配件","http://list.jd.com/list.html?cat=6728,6740,13247",223
"服饰内衣,内衣,打底裤袜","http://list.jd.com/list.html?cat=1315,1345,12013",181
"服饰内衣,男装,POLO衫","http://list.jd.com/list.html?cat=1315,1342,9733",235
"生鲜,蔬菜,茄果瓜类","http://list.jd.com/list.html?cat=12218,13553,13574",14
"整车,全新整车,SUV","http://list.jd.com/list.html?cat=12379,12380,12387",64
"图书,电子与通信","http://list.jd.com/list.html?cat=1713,9351&jth=i",243
"数码,电子教育,点读机/笔","http://list.jd.com/list.html?cat=652,12346,12357",14
"母婴,尿裤湿巾,成人尿裤","http://list.jd.com/list.html?cat=1319,1525,7058",44
"家居家装,生活日用,净化除味","http://list.jd.com/list.html?cat=1620,1624,1661",238
"礼品箱包,功能箱包,登山包","http://list.jd.com/list.html?cat=1672,2577,2587",61
"家居家装,家纺,窗帘/窗纱","http://list.jd.com/list.html?cat=1620,1621,4952",168
"服饰内衣,男装,设计师/潮牌","http://list.jd.com/list.html?cat=1315,1342,12005",220
"运动户外,户外装备,睡袋/吊床","http://list.jd.com/list.html?cat=1318,1462,1474",212
"电脑、办公,文具/耗材,纸类","http://list.jd.com/list.html?cat=670,729,736",213
"家用电器,五金家装,电气开关","http://list.jd.com/list.html?cat=737,1277,6976",9
"鞋靴,时尚女鞋,踝靴","http://list.jd.com/list.html?cat=11729,11731,9769",260
"运动户外,体育用品,足球","http://list.jd.com/list.html?cat=1318,1466,1697",249
"玩具乐器,适用年龄,6-14岁","http://list.jd.com/list.html?cat=6233,6234,6243",223
"电脑、办公,办公设备,碎纸机","http://list.jd.com/list.html?cat=670,716,723",22
"厨具,餐具,果盘/果篮","http://list.jd.com/list.html?cat=6196,6227,11975",118
"电脑、办公,电脑配件,组装电脑","http://list.jd.com/list.html?cat=670,677,11762",144
"数码,电子教育,电纸书","http://list.jd.com/list.html?cat=652,12346,1203",78
"数码,摄影摄像,数码相框","http://list.jd.com/list.html?cat=652,654,844",12
"运动户外,户外鞋服,沙滩/凉拖","http://list.jd.com/list.html?cat=1318,2628,12141",110
"家用电器,厨房小电,电饭煲","http://list.jd.com/list.html?cat=737,752,753",42
"母婴,寝居服饰,婴儿礼盒","http://list.jd.com/list.html?cat=1319,6313,11235",260
"个护化妆,香水彩妆,腮红","http://list.jd.com/list.html?cat=1316,1387,1421",152
"电脑、办公,电脑配件,显示器","http://list.jd.com/list.html?cat=670,677,688",161
"生鲜,冷冻食品,速冻半成品","http://list.jd.com/list.html?cat=12218,13591,13596",18
"食品饮料,茗茶,铁观音","http://list.jd.com/list.html?cat=1320,12202,12203",169
"礼品箱包,功能箱包,旅行配件","http://list.jd.com/list.html?cat=1672,2577,4000",132
"玩具乐器,益智玩具,健身架","http://list.jd.com/list.html?cat=6233,6271,7063",56
"母婴,洗护用品,洗澡用具","http://list.jd.com/list.html?cat=1319,1527,13288",202
"母婴,营养辅食,果泥/果汁","http://list.jd.com/list.html?cat=1319,1524,1534",61
"礼品箱包,礼品,礼品定制","http://list.jd.com/list.html?cat=1672,2599,12079",235
"家居家装,家装软饰,节庆饰品","http://list.jd.com/list.html?cat=1620,11158,11164",216
"运动户外,户外鞋服,休闲衣裤","http://list.jd.com/list.html?cat=1318,2628,12127",248
"珠宝首饰,金银投资,投资银","http://list.jd.com/list.html?cat=6144,6146,6152",29
"服饰内衣,内衣,塑身美体","http://list.jd.com/list.html?cat=1315,1345,9747",205
"玩具乐器,毛绒布艺,靠垫/抱枕","http://list.jd.com/list.html?cat=6233,6236,6255",254
"食品饮料,休闲食品,休闲零食","http://list.jd.com/list.html?cat=1320,1583,1590",331
"运动户外,运动鞋包,拖鞋","http://list.jd.com/list.html?cat=1318,12099,9761",113
"生鲜,蔬菜,鲜菌菇","http://list.jd.com/list.html?cat=12218,13553,13576",4
"家用电器,个护健康,按摩椅","http://list.jd.com/list.html?cat=737,1276,1291",21
"运动户外,运动鞋包,篮球鞋","http://list.jd.com/list.html?cat=1318,12099,9757",266
"个护化妆,香水彩妆,眼线","http://list.jd.com/list.html?cat=1316,1387,13549",120
"礼品箱包,奢侈品,鞋靴","http://list.jd.com/list.html?cat=1672,2615,11934",295
"礼品箱包,精品男包,单肩/斜挎包","http://list.jd.com/list.html?cat=1672,2576,12072",239
"服饰内衣,内衣,美腿袜","http://list.jd.com/list.html?cat=1315,1345,9749",50
"运动户外,户外装备,户外照明","http://list.jd.com/list.html?cat=1318,1462,1476",223
"玩具乐器,创意减压,减压玩具","http://list.jd.com/list.html?cat=6233,6289,6292",159
"汽车用品,车载电器,冰箱","http://list.jd.com/list.html?cat=6728,6740,6753",87
"服饰内衣,男装,工装","http://list.jd.com/list.html?cat=1315,1342,9742",211
"数码,电子教育,电子词典","http://list.jd.com/list.html?cat=652,12346,838",7
"服饰内衣,服饰配件,领带/领结/领带夹","http://list.jd.com/list.html?cat=1315,1346,12039",210
"服饰内衣,男装,毛呢大衣","http://list.jd.com/list.html?cat=1315,1342,9729",247
"母婴,寝居服饰,睡袋/抱被","http://list.jd.com/list.html?cat=1319,6313,13290",280
"电脑、办公,文具/耗材,硒鼓/墨粉","http://list.jd.com/list.html?cat=670,729,730",224
"服饰内衣,女装,连衣裙","http://list.jd.com/list.html?cat=1315,1343,9719",273
"鞋靴,时尚女鞋,妈妈鞋","http://list.jd.com/list.html?cat=11729,11731,9778",228
"礼品箱包,礼品,鲜花","http://list.jd.com/list.html?cat=1672,2599,4698",281
"玩具乐器,适用年龄,3-6岁","http://list.jd.com/list.html?cat=6233,6234,6242",208
"玩具乐器,遥控/电动,遥控车","http://list.jd.com/list.html?cat=6233,6235,6245",240
"运动户外,骑行运动,电动车","http://list.jd.com/list.html?cat=1318,12115,12118",93
"运动户外,运动服饰,健身服","http://list.jd.com/list.html?cat=1318,12102,12107",225
"礼品箱包,礼品,军刀军具","http://list.jd.com/list.html?cat=1672,2599,1443",116
"汽车用品,汽车装饰,后备箱垫","http://list.jd.com/list.html?cat=6728,6745,6972",278
"家用电器,大 家 电,回音壁/Soundbar","http://list.jd.com/list.html?cat=737,794,12525",4
"家用电器,厨房小电,电磁炉","http://list.jd.com/list.html?cat=737,752,757",25
"本地生活/旅游出行,游戏,QQ充值","http://list.jd.com/list.html?cat=4938,4941,4836",25
"运动户外,健身训练,甩脂机","http://list.jd.com/list.html?cat=1318,1463,12858",56
"礼品箱包,礼品,古董文玩","http://list.jd.com/list.html?cat=1672,2599,12080",313
"电脑、办公,电脑配件,SSD固态硬盘","http://list.jd.com/list.html?cat=670,677,11303",58
"汽车用品,美容清洗,洗车工具","http://list.jd.com/list.html?cat=6728,6743,11879",132
"数码,摄影摄像,冲印服务","http://list.jd.com/list.html?cat=652,654,12415",6
"礼品箱包,奢侈品,名品腕表","http://list.jd.com/list.html?cat=1672,2615,11936",190
"家居家装,灯具,节能灯","http://list.jd.com/list.html?cat=1620,1623,1649",4
"鞋靴,流行男鞋,定制鞋","http://list.jd.com/list.html?cat=11729,11730,12068",70
"礼品箱包,精品男包,男士手包","http://list.jd.com/list.html?cat=1672,2576,5262",226
"珠宝首饰,水晶玛瑙,手镯/手链/脚链","http://list.jd.com/list.html?cat=6144,6172,6180",226
"汽车用品,维修保养,改装配件","http://list.jd.com/list.html?cat=6728,6742,12406",335
"汽车用品,车载电器,净化器","http://list.jd.com/list.html?cat=6728,6740,6807",234
"母婴,寝居服饰,爬行垫","http://list.jd.com/list.html?cat=1319,6313,13291",57
"运动户外,健身训练,哑铃","http://list.jd.com/list.html?cat=1318,1463,12111",140
"运动户外,户外装备,救援装备","http://list.jd.com/list.html?cat=1318,1462,12143",186
"电脑、办公,外设产品,移动硬盘","http://list.jd.com/list.html?cat=670,686,693",99
"电脑、办公,外设产品,UPS电源","http://list.jd.com/list.html?cat=670,686,1048",82
"运动户外,运动服饰,运动配饰","http://list.jd.com/list.html?cat=1318,12102,12103",258
"电脑、办公,外设产品,摄像头","http://list.jd.com/list.html?cat=670,686,692",28
"母婴,营养辅食,钙铁锌/维生素","http://list.jd.com/list.html?cat=1319,1524,1538",78
"玩具乐器,乐器,电子琴/电钢琴","http://list.jd.com/list.html?cat=6233,6291,6296",99
"生鲜,水果,草莓","http://list.jd.com/list.html?cat=12218,12221,13569",4
"电脑、办公,网络产品,4G/3G上网","http://list.jd.com/list.html?cat=670,699,1098",47
"个护化妆,面部护肤,爽肤水","http://list.jd.com/list.html?cat=1316,1381,1390",223
"钟表,钟表,德表","http://list.jd.com/list.html?cat=5025,5026,13672",226
"家用电器,厨房小电,咖啡机","http://list.jd.com/list.html?cat=737,752,761",41
"珠宝首饰,翡翠玉石,玉石孤品","http://list.jd.com/list.html?cat=6144,6167,6177",48
"家居家装,灯具,氛围照明","http://list.jd.com/list.html?cat=1620,1623,6861",9
"电脑、办公,网络产品,交换机","http://list.jd.com/list.html?cat=670,699,702",207
"运动户外,运动服饰,棉服","http://list.jd.com/list.html?cat=1318,12102,9762",227
"鞋靴,时尚女鞋,防水台","http://list.jd.com/list.html?cat=11729,11731,12064",120
"母婴,妈妈专区,文胸/内裤","http://list.jd.com/list.html?cat=1319,4997,7062",163
"家用电器,大 家 电,平板电视","http://list.jd.com/list.html?cat=737,794,798",64
"母婴,童装童鞋,裙子","http://list.jd.com/list.html?cat=1319,11842,11225",231
"珠宝首饰,银饰,银吊坠/项链","http://list.jd.com/list.html?cat=6144,6155,6156",219
"生鲜,猪牛羊肉,牛肉","http://list.jd.com/list.html?cat=12218,13581,13582",45
"家用电器,个护健康,其它健康电器","http://list.jd.com/list.html?cat=737,1276,1290",18
"食品饮料,饮料冲调,冲饮谷物","http://list.jd.com/list.html?cat=1320,1585,1601",204
"汽车用品,维修保养,维修配件","http://list.jd.com/list.html?cat=6728,6742,6769",275
"数码,数码配件,读卡器","http://list.jd.com/list.html?cat=652,829,846",14
"生鲜,冷冻食品,火锅丸串","http://list.jd.com/list.html?cat=12218,13591,13595",9
"运动户外,游泳用品,游泳配件","http://list.jd.com/list.html?cat=1318,12154,12161",123
"厨具,茶具/咖啡具,茶宠摆件","http://list.jd.com/list.html?cat=6196,11143,11154",209
"玩具乐器,乐器,打击乐器","http://list.jd.com/list.html?cat=6233,6291,6303",88
"汽车用品,汽车服务,清洗美容","http://list.jd.com/list.html?cat=6728,12402,12403",21
"图书,哲学/宗教","http://list.jd.com/list.html?cat=1713,3274&jth=i",193
"手机,手机配件,蓝牙耳机","http://list.jd.com/list.html?cat=9987,830,863",229
"汽车用品,车载电器,汽车音响","http://list.jd.com/list.html?cat=6728,6740,13249",28
"服饰内衣,服饰配件,女士丝巾/围巾/披肩","http://list.jd.com/list.html?cat=1315,1346,12021",270
"母婴,童车童床,三轮车","http://list.jd.com/list.html?cat=1319,1528,1569",21
"食品饮料,休闲食品,肉干肉脯","http://list.jd.com/list.html?cat=1320,1583,1592",251
"电脑、办公,文具/耗材,计算器","http://list.jd.com/list.html?cat=670,729,728",31
"生鲜,蔬菜,葱姜蒜椒","http://list.jd.com/list.html?cat=12218,13553,13577",8
"汽车用品,维修保养,底盘装甲/护板","http://list.jd.com/list.html?cat=6728,6742,9964",325
"鞋靴,时尚女鞋,鱼嘴鞋","http://list.jd.com/list.html?cat=11729,11731,6915",135
"电脑、办公,办公设备,传真设备","http://list.jd.com/list.html?cat=670,716,718",10
"珠宝首饰,彩宝,手镯/手链","http://list.jd.com/list.html?cat=6144,6174,6184",102
"电脑、办公,电脑整机,笔记本配件","http://list.jd.com/list.html?cat=670,671,675",236
"电脑、办公,外设产品,游戏设备","http://list.jd.com/list.html?cat=670,686,696",23
"厨具,餐具,筷勺/刀叉","http://list.jd.com/list.html?cat=6196,6227,6231",195
"服饰内衣,男装,中老年男装","http://list.jd.com/list.html?cat=1315,1342,9740",255
"汽车用品,维修保养,滤清器","http://list.jd.com/list.html?cat=6728,6742,11852",330
"珠宝首饰,彩宝,祖母绿","http://list.jd.com/list.html?cat=6144,6174,13076",41
"家用电器,厨房小电,榨汁机","http://list.jd.com/list.html?cat=737,752,13116",19
"礼品箱包,奢侈品,配件","http://list.jd.com/list.html?cat=1672,2615,9191",250
"珠宝首饰,银饰,银戒指","http://list.jd.com/list.html?cat=6144,6155,6158",214
"运动户外,运动鞋包,运动包","http://list.jd.com/list.html?cat=1318,12099,9768",266
"家居家装,家纺,布艺软饰","http://list.jd.com/list.html?cat=1620,1621,11962",77
"母婴,喂养用品,食物存储","http://list.jd.com/list.html?cat=1319,1526,13287",34
"珠宝首饰,钻石,钻戒","http://list.jd.com/list.html?cat=6144,6160,6162",164
"汽车用品,汽车装饰,脚垫","http://list.jd.com/list.html?cat=6728,6745,11883",297
"厨具,烹饪锅具,水壶","http://list.jd.com/list.html?cat=6196,6197,6207",32
"数码,电子教育,复读机","http://list.jd.com/list.html?cat=652,12346,12356",13
"数码,摄影摄像,运动相机","http://list.jd.com/list.html?cat=652,654,12342",54
"家用电器,大 家 电,迷你音响","http://list.jd.com/list.html?cat=737,794,1199",48
"食品饮料,粮油调味,有机食品","http://list.jd.com/list.html?cat=1320,1584,2680",13
"厨具,酒店用品,自助餐炉","http://list.jd.com/list.html?cat=6196,9182,9183",5
"电脑、办公,网络产品,网络存储","http://list.jd.com/list.html?cat=670,699,983",8
"汽车用品,车载电器,导航仪","http://list.jd.com/list.html?cat=6728,6740,11867",212
"母婴,喂养用品,儿童餐具","http://list.jd.com/list.html?cat=1319,1526,1552",225
"玩具乐器,乐器,民族管弦乐器","http://list.jd.com/list.html?cat=6233,6291,6300",210
"母婴,童车童床,滑板车","http://list.jd.com/list.html?cat=1319,1528,12192",18
"服饰内衣,服饰配件,口罩","http://list.jd.com/list.html?cat=1315,1346,12035",107
"运动户外,户外鞋服,软壳衣裤","http://list.jd.com/list.html?cat=1318,2628,12129",111
"母婴,妈妈专区,孕妇护肤","http://list.jd.com/list.html?cat=1319,4997,5000",127
"家用电器,生活电器,冷风扇","http://list.jd.com/list.html?cat=737,738,1278",8
"个护化妆,香水彩妆,卸妆","http://list.jd.com/list.html?cat=1316,1387,1427",32
"母婴,营养辅食,面条/粥","http://list.jd.com/list.html?cat=1319,1524,9399",35
"个护化妆,香水彩妆,美妆工具","http://list.jd.com/list.html?cat=1316,1387,1429",279
"礼品箱包,奢侈品,服饰","http://list.jd.com/list.html?cat=1672,2615,9188",321
"厨具,水具酒具,保温杯","http://list.jd.com/list.html?cat=6196,6219,6223",233
"运动户外,游泳用品,游泳包防水包","http://list.jd.com/list.html?cat=1318,12154,12157",34
"玩具乐器,积木拼插,磁力棒","http://list.jd.com/list.html?cat=6233,6275,6284",15
"玩具乐器,模型玩具,仿真模型","http://list.jd.com/list.html?cat=6233,6253,6261",298
"汽车用品,汽车装饰,座垫","http://list.jd.com/list.html?cat=6728,6745,11881",334
"电脑、办公,电脑整机,游戏本","http://list.jd.com/list.html?cat=670,671,1105",104
"家用电器,大 家 电,电视盒子","http://list.jd.com/list.html?cat=737,794,12527",3
"运动户外,运动服饰,羽绒服","http://list.jd.com/list.html?cat=1318,12102,12104",228
"服饰内衣,内衣,情趣内衣","http://list.jd.com/list.html?cat=1315,1345,1368",205
"汽车用品,汽车装饰,方向盘套","http://list.jd.com/list.html?cat=6728,6745,13255",330
"个护化妆,口腔护理,牙刷/牙线","http://list.jd.com/list.html?cat=1316,1384,1406",155
"服饰内衣,服饰配件,围巾/手套/帽子套装","http://list.jd.com/list.html?cat=1315,1346,1376",249
"玩具乐器,遥控/电动,遥控飞机","http://list.jd.com/list.html?cat=6233,6235,6246",228
"厨具,烹饪锅具,煲类","http://list.jd.com/list.html?cat=6196,6197,6206",88
"服饰内衣,服饰配件,遮阳伞/雨伞","http://list.jd.com/list.html?cat=1315,1346,12034",158
"运动户外,垂钓用品,钓箱钓椅","http://list.jd.com/list.html?cat=1318,12147,12150",93
"珠宝首饰,钻石,钻石手镯/手链","http://list.jd.com/list.html?cat=6144,6160,6165",22
"电脑、办公,办公设备,复合机","http://list.jd.com/list.html?cat=670,716,719",260
"家用电器,厨房小电,电水壶/热水瓶","http://list.jd.com/list.html?cat=737,752,760",73
"家居家装,家纺,抱枕靠垫","http://list.jd.com/list.html?cat=1620,1621,1633",208
"玩具乐器,乐器,手风琴","http://list.jd.com/list.html?cat=6233,6291,6298",5
"珠宝首饰,珍珠,珍珠项链","http://list.jd.com/list.html?cat=6144,12042,12053",217
"服饰内衣,内衣,女式内裤","http://list.jd.com/list.html?cat=1315,1345,9743",239
"电脑、办公,电脑整机,平板电脑","http://list.jd.com/list.html?cat=670,671,2694",26
"礼品箱包,潮流女包,单肩包","http://list.jd.com/list.html?cat=1672,2575,5257",307
"鞋靴,时尚女鞋,松糕鞋","http://list.jd.com/list.html?cat=11729,11731,12062",188
"个护化妆,洗发护发,假发","http://list.jd.com/list.html?cat=1316,1386,4699",324
"服饰内衣,男装,马甲/背心","http://list.jd.com/list.html?cat=1315,1342,9734",247
"礼品箱包,精品男包,商务公文包","http://list.jd.com/list.html?cat=1672,2576,1455",244
"母婴,营养辅食,DHA","http://list.jd.com/list.html?cat=1319,1524,7055",32
"数码,影音娱乐,高清播放器","http://list.jd.com/list.html?cat=652,828,1261",7
"运动户外,体育用品,台球","http://list.jd.com/list.html?cat=1318,1466,1701",206
"生鲜,海鲜水产,蟹类","http://list.jd.com/list.html?cat=12218,12222,12243",55
"母婴,妈妈专区,孕妈装","http://list.jd.com/list.html?cat=1319,4997,4998",289
"个护化妆,身体护理,润肤","http://list.jd.com/list.html?cat=1316,1383,1404",226
"个护化妆,女性护理,卫生护垫","http://list.jd.com/list.html?cat=1316,1385,1409",13
"珠宝首饰,珍珠,珍珠戒指","http://list.jd.com/list.html?cat=6144,12042,12057",108
"数码,智能设备,智能眼镜","http://list.jd.com/list.html?cat=652,12345,12349",90
"家用电器,个护健康,卷/直发器","http://list.jd.com/list.html?cat=737,1276,12400",39
"汽车用品,美容清洗,洗车机","http://list.jd.com/list.html?cat=6728,6743,13252",50
"服饰内衣,内衣,睡衣/家居服","http://list.jd.com/list.html?cat=1315,1345,1371",284
"玩具乐器,健身玩具,户外玩具","http://list.jd.com/list.html?cat=6233,6260,6268",266
"电脑、办公,办公设备,保险柜","http://list.jd.com/list.html?cat=670,716,2601",155
"玩具乐器,创意减压,创意玩具","http://list.jd.com/list.html?cat=6233,6289,6293",257
"玩具乐器,遥控/电动,机器人","http://list.jd.com/list.html?cat=6233,6235,6248",141
"食品饮料,粮油调味,调味品","http://list.jd.com/list.html?cat=1320,1584,2677",253
"鞋靴,时尚女鞋,女靴","http://list.jd.com/list.html?cat=11729,11731,9776",286
"玩具乐器,积木拼插,立体拼插","http://list.jd.com/list.html?cat=6233,6275,6286",243
"家用电器,厨房小电,多用途锅","http://list.jd.com/list.html?cat=737,752,754",45
"数码,数码配件,三脚架/云台","http://list.jd.com/list.html?cat=652,829,848",111
"个护化妆,面部护肤,精华","http://list.jd.com/list.html?cat=1316,1381,13546",215
"珠宝首饰,木手串/把件,菩提","http://list.jd.com/list.html?cat=6144,12041,12051",225
"电脑、办公,外设产品,手写板","http://list.jd.com/list.html?cat=670,686,698",11
"个护化妆,香水彩妆,底妆","http://list.jd.com/list.html?cat=1316,1387,1420",246
"运动户外,体育用品,高尔夫","http://list.jd.com/list.html?cat=1318,1466,1700",324
"汽车用品,汽车服务,驾驶培训","http://list.jd.com/list.html?cat=6728,12402,13267",12
"玩具乐器,健身玩具,戏水玩具","http://list.jd.com/list.html?cat=6233,6260,6269",185
"母婴,童装童鞋,运动鞋","http://list.jd.com/list.html?cat=1319,11842,11229",252
"个护化妆,身体护理,精油","http://list.jd.com/list.html?cat=1316,1383,13551",45
"玩具乐器,适用年龄,6-12个月","http://list.jd.com/list.html?cat=6233,6234,6240",40
"礼品箱包,潮流女包,斜挎包","http://list.jd.com/list.html?cat=1672,2575,5260",262
"食品饮料,茗茶,绿茶","http://list.jd.com/list.html?cat=1320,12202,12206",170
"珠宝首饰,珍珠,珍珠吊坠","http://list.jd.com/list.html?cat=6144,12042,12054",222
"厨具,水具酒具,保温壶","http://list.jd.com/list.html?cat=6196,6219,6224",118
"服饰内衣,服饰配件,男士丝巾/围巾","http://list.jd.com/list.html?cat=1315,1346,12022",212
"礼品箱包,潮流女包,手提包","http://list.jd.com/list.html?cat=1672,2575,5259",260
"数码,影音娱乐,收音机","http://list.jd.com/list.html?cat=652,828,12808",10
"家居家装,家装软饰,装饰字画","http://list.jd.com/list.html?cat=1620,11158,11163",316
"礼品箱包,潮流女包,手拿包","http://list.jd.com/list.html?cat=1672,2575,5256",224
"珠宝首饰,K金饰品,K金耳饰","http://list.jd.com/list.html?cat=6144,13062,13068",50
"电脑、办公,外设产品,硬盘盒","http://list.jd.com/list.html?cat=670,686,695",29
"母婴,童车童床,学步车","http://list.jd.com/list.html?cat=1319,1528,1568",17
"家居家装,生活日用,缝纫/针织用品","http://list.jd.com/list.html?cat=1620,1624,1658",224
"服饰内衣,服饰配件,袖扣","http://list.jd.com/list.html?cat=1315,1346,1378",79
"食品饮料,进口食品,牛奶","http://list.jd.com/list.html?cat=1320,5019,12215",33
"珠宝首饰,水晶玛瑙,头饰/胸针","http://list.jd.com/list.html?cat=6144,6172,6185",84
"数码,摄影摄像,单电/微单相机","http://list.jd.com/list.html?cat=652,654,5012",81
"家居家装,灯具,台灯","http://list.jd.com/list.html?cat=1620,1623,1648",25
"运动户外,游泳用品,男士泳衣","http://list.jd.com/list.html?cat=1318,12154,12159",142
"服饰内衣,内衣,文胸","http://list.jd.com/list.html?cat=1315,1345,1364",333
"鞋靴,流行男鞋,商务休闲鞋","http://list.jd.com/list.html?cat=11729,11730,6907",254
"母婴,寝居服饰,婴儿鞋帽袜","http://list.jd.com/list.html?cat=1319,6313,6315",269
"电脑、办公,网络产品,网络配件","http://list.jd.com/list.html?cat=670,699,12370",167
"运动户外,运动鞋包,板鞋","http://list.jd.com/list.html?cat=1318,12099,12100",202
"生鲜,饮品甜品,其他","http://list.jd.com/list.html?cat=12218,13598,13604",9
"运动户外,体育用品,轮滑滑板","http://list.jd.com/list.html?cat=1318,1466,12122",217
"服饰内衣,女装,婚纱","http://list.jd.com/list.html?cat=1315,1343,9723",186
"礼品箱包,精品男包,男士钱包","http://list.jd.com/list.html?cat=1672,2576,2584",257
"整车,全新整车,豪华车","http://list.jd.com/list.html?cat=12379,12380,12386",4
"食品饮料,饮料冲调,蜂蜜/柚子茶","http://list.jd.com/list.html?cat=1320,1585,12200",76
"运动户外,运动鞋包,专项运动鞋","http://list.jd.com/list.html?cat=1318,12099,12101",210
"礼品箱包,奢侈品,太阳镜/眼镜框","http://list.jd.com/list.html?cat=1672,2615,9190",275
"母婴,童车童床,婴儿推车","http://list.jd.com/list.html?cat=1319,1528,1563",103
"家用电器,五金家装,手动工具","http://list.jd.com/list.html?cat=737,1277,3979",23
"电脑、办公,办公设备,白板","http://list.jd.com/list.html?cat=670,716,727",80
"母婴,奶粉,婴幼奶粉","http://list.jd.com/list.html?cat=1319,1523,7052",276
"生鲜,猪牛羊肉,内脏类","http://list.jd.com/list.html?cat=12218,13581,13585",3
"运动户外,骑行运动,山地车","http://list.jd.com/list.html?cat=1318,12115,12117",207
"电脑、办公,外设产品,插座","http://list.jd.com/list.html?cat=670,686,1047",105
"食品饮料,地方特产,四川","http://list.jd.com/list.html?cat=1320,1581,2669",19
"家用电器,大 家 电,冷柜/冰吧","http://list.jd.com/list.html?cat=737,794,12392",99
"整车,全新整车,跑车","http://list.jd.com/list.html?cat=12379,12380,12389",7
"个护化妆,面部护肤,防晒","http://list.jd.com/list.html?cat=1316,1381,13548",180
"生鲜,海鲜水产,其他水产","http://list.jd.com/list.html?cat=12218,12222,13579",9
"珠宝首饰,金银投资,投资收藏","http://list.jd.com/list.html?cat=6144,6146,13531",101
"厨具,厨房配件,保鲜盒","http://list.jd.com/list.html?cat=6196,6214,6215",144
"食品饮料,饮料冲调,饮用水","http://list.jd.com/list.html?cat=1320,1585,10975",92
"厨具,刀剪菜板,剪刀","http://list.jd.com/list.html?cat=6196,6198,6210",22
"汽车用品,安全自驾,充气泵","http://list.jd.com/list.html?cat=6728,6747,12407",262
"家居家装,家纺,床品套件","http://list.jd.com/list.html?cat=1620,1621,1626",248
"礼品箱包,礼品,美妆礼品","http://list.jd.com/list.html?cat=1672,2599,12078",204
"手机,手机配件,手机存储卡","http://list.jd.com/list.html?cat=9987,830,1099",27
"运动户外,骑行运动,骑行服","http://list.jd.com/list.html?cat=1318,12115,12120",249
"服饰内衣,内衣,泳衣","http://list.jd.com/list.html?cat=1315,1345,9753",217
"家居家装,家纺,电热毯","http://list.jd.com/list.html?cat=1620,1621,2688",44
"运动户外,运动鞋包,帆布鞋","http://list.jd.com/list.html?cat=1318,12099,9755",203
"电脑、办公,游戏设备,游戏周边","http://list.jd.com/list.html?cat=670,12800,12805",41
"母婴,喂养用品,水壶/水杯","http://list.jd.com/list.html?cat=1319,1526,7061",228
"数码,智能设备,健康监测","http://list.jd.com/list.html?cat=652,12345,12351",29
"家居家装,家装软饰,墙贴/装饰贴","http://list.jd.com/list.html?cat=1620,11158,11965",245
"家用电器,个护健康,电子秤/厨房秤","http://list.jd.com/list.html?cat=737,1276,1289",36
"电脑、办公,游戏设备,游戏机","http://list.jd.com/list.html?cat=670,12800,12801",77
"个护化妆,身体护理,手工/香皂","http://list.jd.com/list.html?cat=1316,1383,5161",30
"个护化妆,身体护理,香薰精油","http://list.jd.com/list.html?cat=1316,1383,5163",28
"礼品箱包,奢侈品,饰品","http://list.jd.com/list.html?cat=1672,2615,11935",285
"数码,影音娱乐,智能设备","http://list.jd.com/list.html?cat=652,828,843",9
"手机,手机通讯,手机","http://list.jd.com/list.html?cat=9987,653,655",99
"玩具乐器,乐器,电脑音乐","http://list.jd.com/list.html?cat=6233,6291,6306",21
"生鲜,水果,橙子","http://list.jd.com/list.html?cat=12218,12221,13555",9
"运动户外,户外装备,帐篷/垫子","http://list.jd.com/list.html?cat=1318,1462,1473",230
"运动户外,运动服饰,运动裤","http://list.jd.com/list.html?cat=1318,12102,9766",242
"电脑、办公,电脑配件,硬盘","http://list.jd.com/list.html?cat=670,677,683",18
"个护化妆,面部护肤,剃须","http://list.jd.com/list.html?cat=1316,1381,1416",133
"珠宝首饰,木手串/把件,檀香","http://list.jd.com/list.html?cat=6144,12041,13081",167
"生鲜,水果,梨","http://list.jd.com/list.html?cat=12218,12221,13565",8
"家用电器,生活电器,扫地机器人","http://list.jd.com/list.html?cat=737,738,12394",19
"手机,手机配件,iPhone 配件","http://list.jd.com/list.html?cat=9987,830,5003",29
"家居家装,家纺,地毯地垫","http://list.jd.com/list.html?cat=1620,1621,11160",203
"家用电器,厨房小电,微波炉","http://list.jd.com/list.html?cat=737,752,758",6
"礼品箱包,功能箱包,休闲运动包","http://list.jd.com/list.html?cat=1672,2577,3998",204
"家用电器,生活电器,取暖电器","http://list.jd.com/list.html?cat=737,738,747",61
"运动户外,户外鞋服,冲锋衣裤","http://list.jd.com/list.html?cat=1318,2628,12123",258
"电脑、办公,服务产品,电脑软件","http://list.jd.com/list.html?cat=670,703,5011",110
"生鲜,蔬菜,叶菜类","http://list.jd.com/list.html?cat=12218,13553,13573",10
"电脑、办公,电脑配件,装机配件","http://list.jd.com/list.html?cat=670,677,5009",210
"手机,手机配件,充电器","http://list.jd.com/list.html?cat=9987,830,13660",219
"生鲜,水果,蓝莓","http://list.jd.com/list.html?cat=12218,12221,13559",3
"运动户外,户外装备,冲浪潜水","http://list.jd.com/list.html?cat=1318,1462,12146",233
"珠宝首饰,彩宝,琥珀/蜜蜡","http://list.jd.com/list.html?cat=6144,6174,13071",258
"个护化妆,香水彩妆,眉笔","http://list.jd.com/list.html?cat=1316,1387,1423",190
"个护化妆,面部护肤,精华露","http://list.jd.com/list.html?cat=1316,1381,5147",71
"食品饮料,地方特产,湖南","http://list.jd.com/list.html?cat=1320,1581,2656",15
"厨具,刀剪菜板,瓜果刀/刨","http://list.jd.com/list.html?cat=6196,6198,11980",56
"食品饮料,食品礼券,大闸蟹","http://list.jd.com/list.html?cat=1320,2641,2643",6
"电脑、办公,网络产品,路由器","http://list.jd.com/list.html?cat=670,699,700",222
"服饰内衣,男装,卫衣","http://list.jd.com/list.html?cat=1315,1342,9732",319
"厨具,刀剪菜板,多功能刀","http://list.jd.com/list.html?cat=6196,6198,11981",18
"食品饮料,茗茶,花草茶","http://list.jd.com/list.html?cat=1320,12202,12209",180
"食品饮料,地方特产,内蒙古","http://list.jd.com/list.html?cat=1320,1581,2648",12
"家用电器,厨房小电,电烧烤炉","http://list.jd.com/list.html?cat=737,752,13118",8
"汽车用品,维修保养,轮胎","http://list.jd.com/list.html?cat=6728,6742,9248",257
"汽车用品,车载电器,倒车雷达","http://list.jd.com/list.html?cat=6728,6740,9961",18
"电脑、办公,游戏设备,手柄/方向盘","http://list.jd.com/list.html?cat=670,12800,12803",28
"服饰内衣,男装,加绒裤","http://list.jd.com/list.html?cat=1315,1342,12002",157
"家用电器,生活电器,清洁机","http://list.jd.com/list.html?cat=737,738,897",8
"电脑、办公,外设产品,电玩","http://list.jd.com/list.html?cat=670,686,697",5
"服饰内衣,内衣,保暖内衣","http://list.jd.com/list.html?cat=1315,1345,1369",223
"家用电器,生活电器,加湿器","http://list.jd.com/list.html?cat=737,738,748",30
"服饰内衣,服饰配件,太阳镜","http://list.jd.com/list.html?cat=1315,1346,9790",333
"食品饮料,进口食品,粮油调味","http://list.jd.com/list.html?cat=1320,5019,5024",200
"钟表,钟表,智能手表","http://list.jd.com/list.html?cat=5025,5026,12417",28
"电脑、办公,办公设备,扫描设备","http://list.jd.com/list.html?cat=670,716,721",173
"珠宝首饰,时尚饰品,婚庆饰品","http://list.jd.com/list.html?cat=6144,6182,6194",262
"个护化妆,香水彩妆,睫毛膏","http://list.jd.com/list.html?cat=1316,1387,1424",119
"服饰内衣,女装,中老年女装","http://list.jd.com/list.html?cat=1315,1343,9721",296
"生鲜,水果,桔/橘","http://list.jd.com/list.html?cat=12218,12221,13567",8
"服饰内衣,服饰配件,防晒手套","http://list.jd.com/list.html?cat=1315,1346,12028",108
"运动户外,户外装备,户外工具","http://list.jd.com/list.html?cat=1318,1462,1479",201
"运动户外,户外鞋服,军迷服饰","http://list.jd.com/list.html?cat=1318,2628,12133",237
"汽车用品,维修保养,轮毂","http://list.jd.com/list.html?cat=6728,6742,11951",288
"运动户外,运动服饰,运动背心","http://list.jd.com/list.html?cat=1318,12102,12108",214
"家居家装,家纺,蚊帐","http://list.jd.com/list.html?cat=1620,1621,1632",171
"生鲜,水果,柠檬","http://list.jd.com/list.html?cat=12218,12221,13568",7
"服饰内衣,内衣,抹胸","http://list.jd.com/list.html?cat=1315,1345,9751",97
"珠宝首饰,水晶玛瑙,摆件/挂件","http://list.jd.com/list.html?cat=6144,6172,6187",257
"母婴,童装童鞋,亲子装","http://list.jd.com/list.html?cat=1319,11842,4937",219
"生鲜,水果,奇异果/猕猴桃","http://list.jd.com/list.html?cat=12218,12221,13556",13
"珠宝首饰,黄金,黄金耳饰","http://list.jd.com/list.html?cat=6144,6145,6150",84
"家用电器,生活电器,生活电器配件","http://list.jd.com/list.html?cat=737,738,12396",103
"数码,摄影摄像,数码相机","http://list.jd.com/list.html?cat=652,654,831",64
"运动户外,健身训练,踏步机","http://list.jd.com/list.html?cat=1318,1463,12859",139
"个护化妆,身体护理,磨砂膏","http://list.jd.com/list.html?cat=1316,1383,1403",12
"服饰内衣,服饰配件,防辐射眼镜","http://list.jd.com/list.html?cat=1315,1346,12019",80
"整车,全新整车,微型车","http://list.jd.com/list.html?cat=12379,12380,12381",4
"个护化妆,口腔护理,漱口水","http://list.jd.com/list.html?cat=1316,1384,1407",47
"服饰内衣,男装,牛仔裤","http://list.jd.com/list.html?cat=1315,1342,9735",333
"数码,数码配件,电池/充电器","http://list.jd.com/list.html?cat=652,829,854",220
"厨具,烹饪锅具,汤锅","http://list.jd.com/list.html?cat=6196,6197,6203",101
"家居家装,生活日用,洗晒/熨烫","http://list.jd.com/list.html?cat=1620,1624,1660",229
"个护化妆,洗发护发,脸部护理","http://list.jd.com/list.html?cat=1316,1386,1412",24
"厨具,烹饪锅具,蒸锅","http://list.jd.com/list.html?cat=6196,6197,6202",64
"个护化妆,身体护理,磨砂/浴盐","http://list.jd.com/list.html?cat=1316,1383,5162",7
"运动户外,户外鞋服,徒步鞋","http://list.jd.com/list.html?cat=1318,2628,12136",221
"母婴,洗护用品,洗发沐浴","http://list.jd.com/list.html?cat=1319,1527,1555",192
"钟表,钟表,闹钟","http://list.jd.com/list.html?cat=5025,5026,13670",78
"汽车用品,车载电器,车载生活电器","http://list.jd.com/list.html?cat=6728,6740,13250",210
"家居家装,生活日用,雨伞雨具","http://list.jd.com/list.html?cat=1620,1624,1656",335
"家用电器,生活电器,电话机","http://list.jd.com/list.html?cat=737,738,806",27
"数码,智能设备,智能家居","http://list.jd.com/list.html?cat=652,12345,12353",204
"汽车用品,安全自驾,储物箱","http://list.jd.com/list.html?cat=6728,6747,6801",333
"食品饮料,进口食品,冲调饮品","http://list.jd.com/list.html?cat=1320,5019,5023",222
"服饰内衣,服饰配件,光学镜架/镜片","http://list.jd.com/list.html?cat=1315,1346,9789",238
"珠宝首饰,时尚饰品,饰品配件","http://list.jd.com/list.html?cat=6144,6182,6195",241
"礼品箱包,精品男包,双肩包","http://list.jd.com/list.html?cat=1672,2576,12071",275
"玩具乐器,遥控/电动,轨道/助力","http://list.jd.com/list.html?cat=6233,6235,6249",201
"礼品箱包,礼品,工艺礼品","http://list.jd.com/list.html?cat=1672,2599,1445",314
"服饰内衣,男装,唐装/中山装","http://list.jd.com/list.html?cat=1315,1342,9741",210
"服饰内衣,女装,打底裤","http://list.jd.com/list.html?cat=1315,1343,9716",211
"家用电器,五金家装,仪器仪表","http://list.jd.com/list.html?cat=737,1277,6974",8
"食品饮料,茗茶,其它茶","http://list.jd.com/list.html?cat=1320,12202,12214",32
"整车,全新整车,小型车","http://list.jd.com/list.html?cat=12379,12380,12382",17
"运动户外,运动服饰,乒羽网服","http://list.jd.com/list.html?cat=1318,12102,12106",202
"服饰内衣,男装,西裤","http://list.jd.com/list.html?cat=1315,1342,9737",228
"厨具,茶具/咖啡具,咖啡具","http://list.jd.com/list.html?cat=6196,11143,11155",202
"玩具乐器,益智玩具,早教启智","http://list.jd.com/list.html?cat=6233,6271,6277",295
"母婴,洗护用品,日常护理","http://list.jd.com/list.html?cat=1319,1527,1559",226
"鞋靴,流行男鞋,凉鞋/沙滩鞋","http://list.jd.com/list.html?cat=11729,11730,6909",227
"玩具乐器,适用年龄,14岁以上","http://list.jd.com/list.html?cat=6233,6234,6244",88
"运动户外,户外装备,便携桌椅床","http://list.jd.com/list.html?cat=1318,1462,1478",227
"鞋靴,时尚女鞋,内增高","http://list.jd.com/list.html?cat=11729,11731,12063",209
"玩具乐器,娃娃玩具,智能娃娃","http://list.jd.com/list.html?cat=6233,6237,6259",116
"数码,影音娱乐,音箱/音响","http://list.jd.com/list.html?cat=652,828,841",270
"家居家装,家装软饰,钟饰","http://list.jd.com/list.html?cat=1620,11158,11966",136
"服饰内衣,内衣,文胸套装","http://list.jd.com/list.html?cat=1315,1345,12008",215
"个护化妆,清洁用品,纸品湿巾","http://list.jd.com/list.html?cat=1316,1625,1671",162
"礼品箱包,功能箱包,拉杆包","http://list.jd.com/list.html?cat=1672,2577,13543",221
"鞋靴,时尚女鞋,马丁靴","http://list.jd.com/list.html?cat=11729,11731,12060",227
"珠宝首饰,彩宝,红宝石/蓝宝石","http://list.jd.com/list.html?cat=6144,6174,13073",67
"珠宝首饰,木手串/把件,橄榄核/核桃","http://list.jd.com/list.html?cat=6144,12041,13080",229
"个护化妆,清洁用品,皮具护理","http://list.jd.com/list.html?cat=1316,1625,1670",202
"汽车用品,安全自驾,应急救援","http://list.jd.com/list.html?cat=6728,6747,6796",229
"电脑、办公,电脑整机,一体机","http://list.jd.com/list.html?cat=670,671,12798",140
"母婴,妈妈专区,妈咪包/背婴带","http://list.jd.com/list.html?cat=1319,4997,5002",164
"运动户外,运动鞋包,训练鞋","http://list.jd.com/list.html?cat=1318,12099,9759",216
"电脑、办公,办公设备,投影配件","http://list.jd.com/list.html?cat=670,716,5010",282
"手机,手机配件,手机支架","http://list.jd.com/list.html?cat=9987,830,12811",207
"汽车用品,维修保养,正时皮带","http://list.jd.com/list.html?cat=6728,6742,13244",65
"珠宝首饰,彩宝,碧玺","http://list.jd.com/list.html?cat=6144,6174,13072",96
"母婴,洗护用品,宝宝护肤","http://list.jd.com/list.html?cat=1319,1527,1556",204
"鞋靴,流行男鞋,男靴","http://list.jd.com/list.html?cat=11729,11730,6912",328
"图书,港台图书,文化/Wg","http://list.jd.com/list.html?cat=1713,3296,6957",177
"数码,智能设备,体感车","http://list.jd.com/list.html?cat=652,12345,12354",27
"整车,二手车,豪华车（二手）","http://list.jd.com/list.html?cat=12379,13302,13308",16
"服饰内衣,服饰配件,女士腰带/礼盒","http://list.jd.com/list.html?cat=1315,1346,12030",203
"服饰内衣,服饰配件,贝雷帽","http://list.jd.com/list.html?cat=1315,1346,12024",93
"生鲜,水果,车厘子/樱桃","http://list.jd.com/list.html?cat=12218,12221,13557",4
"数码,摄影摄像,摄像机","http://list.jd.com/list.html?cat=652,654,833",71
"食品饮料,粮油调味,食用油","http://list.jd.com/list.html?cat=1320,1584,2676",107
"礼品箱包,功能箱包,旅行包","http://list.jd.com/list.html?cat=1672,2577,2588",207
"个护化妆,女性护理,卫生巾","http://list.jd.com/list.html?cat=1316,1385,1408",165
"玩具乐器,DIY玩具,情景玩具","http://list.jd.com/list.html?cat=6233,6279,6287",206
"玩具乐器,乐器,口琴/口风琴/竖笛","http://list.jd.com/list.html?cat=6233,6291,6302",110
"运动户外,户外鞋服,速干衣裤","http://list.jd.com/list.html?cat=1318,2628,12124",218
"鞋靴,时尚女鞋,拖鞋/人字拖","http://list.jd.com/list.html?cat=11729,11731,9775",237
"珠宝首饰,时尚饰品,项链","http://list.jd.com/list.html?cat=6144,6182,6188",251
"家用电器,大 家 电,家电配件","http://list.jd.com/list.html?cat=737,794,877",306
"家用电器,大 家 电,家庭影院","http://list.jd.com/list.html?cat=737,794,823",152
"家居家装,生活日用,保暖防护","http://list.jd.com/list.html?cat=1620,1624,11167",204
"食品饮料,休闲食品,糖果/巧克力","http://list.jd.com/list.html?cat=1320,1583,1594",237
"服饰内衣,男装,针织衫","http://list.jd.com/list.html?cat=1315,1342,1350",276
"运动户外,健身训练,跑步机","http://list.jd.com/list.html?cat=1318,1463,1484",227
"图书,烹饪/美食","http://list.jd.com/list.html?cat=1713,9278&jth=i",247
"汽车用品,维修保养,汽车喇叭","http://list.jd.com/list.html?cat=6728,6742,13245",51
"数码,影音娱乐,耳机/耳麦","http://list.jd.com/list.html?cat=652,828,842",206
"服饰内衣,内衣,休闲棉袜 ","http://list.jd.com/list.html?cat=1315,1345,12010",247
"礼品箱包,礼品,收藏品","http://list.jd.com/list.html?cat=1672,2599,1444",246
"珠宝首饰,彩宝,其他天然宝石","http://list.jd.com/list.html?cat=6144,6174,13077",147
"珠宝首饰,银饰,宝宝银饰","http://list.jd.com/list.html?cat=6144,6155,6159",195
"珠宝首饰,彩宝,项链/吊坠","http://list.jd.com/list.html?cat=6144,6174,6179",168
"生鲜,海鲜水产,贝类","http://list.jd.com/list.html?cat=12218,12222,12244",23
"母婴,妈妈专区,防溢乳垫","http://list.jd.com/list.html?cat=1319,4997,13292",24
"家用电器,五金家装,浴霸/排气扇","http://list.jd.com/list.html?cat=737,1277,900",5
"礼品箱包,精品男包,钥匙包","http://list.jd.com/list.html?cat=1672,2576,12073",71
"家居家装,家纺,枕芯","http://list.jd.com/list.html?cat=1620,1621,1628",203
"珠宝首饰,金银投资,投资金","http://list.jd.com/list.html?cat=6144,6146,6151",41
"汽车用品,汽车服务,功能升级","http://list.jd.com/list.html?cat=6728,12402,12404",24
"生鲜,水果,火龙果","http://list.jd.com/list.html?cat=12218,12221,13560",5
"汽车用品,安全自驾,胎压监测","http://list.jd.com/list.html?cat=6728,6747,11954",110
"生鲜,饮品甜品,冷藏果蔬汁","http://list.jd.com/list.html?cat=12218,13598,13601",3
"母婴,童车童床,扭扭车","http://list.jd.com/list.html?cat=1319,1528,4702",13
"家用电器,厨房小电,料理机","http://list.jd.com/list.html?cat=737,752,755",67
"运动户外,运动鞋包,乒羽网鞋","http://list.jd.com/list.html?cat=1318,12099,9760",203
"电脑、办公,文具/耗材,刻录碟片/附件","http://list.jd.com/list.html?cat=670,729,4838",8
"汽车用品,车载电器,车载影音","http://list.jd.com/list.html?cat=6728,6740,6965",50
"玩具乐器,动漫玩具,网游周边","http://list.jd.com/list.html?cat=6233,6264,6274",29
"玩具乐器,益智玩具,拖拉玩具","http://list.jd.com/list.html?cat=6233,6271,6278",47
"整车,二手车,MPV（二手）","http://list.jd.com/list.html?cat=12379,13302,13309",80
"钟表,钟表,座钟挂钟","http://list.jd.com/list.html?cat=5025,5026,12094",252
"家用电器,厨房小电,电饼铛","http://list.jd.com/list.html?cat=737,752,882",7
"礼品箱包,礼品,婚庆节庆","http://list.jd.com/list.html?cat=1672,2599,4942",229
"运动户外,垂钓用品,钓鱼配件","http://list.jd.com/list.html?cat=1318,12147,12151",311
"运动户外,健身训练,综合训练器","http://list.jd.com/list.html?cat=1318,1463,12109",236
"礼品箱包,婚庆,婚庆礼品/用品","http://list.jd.com/list.html?cat=1672,12059,7070",41
"手机,手机配件,创意配件","http://list.jd.com/list.html?cat=9987,830,868",233
"厨具,厨房配件,烘焙/烧烤","http://list.jd.com/list.html?cat=6196,6214,6216",228
"家居家装,灯具,落地灯","http://list.jd.com/list.html?cat=1620,1623,1653",5
"家用电器,个护健康,按摩器","http://list.jd.com/list.html?cat=737,1276,967",82
"服饰内衣,服饰配件,男士腰带/礼盒","http://list.jd.com/list.html?cat=1315,1346,12029",252
"整车,二手车,小型车（二手）","http://list.jd.com/list.html?cat=12379,13302,13304",160
"鞋靴,时尚女鞋,筒靴","http://list.jd.com/list.html?cat=11729,11731,9770",243
"家居家装,家装软饰,相框/照片墙","http://list.jd.com/list.html?cat=1620,11158,11162",213
"母婴,妈妈专区,待产护理","http://list.jd.com/list.html?cat=1319,4997,12198",131
"运动户外,运动鞋包,足球鞋","http://list.jd.com/list.html?cat=1318,12099,9758",235
"运动户外,户外装备,户外配饰","http://list.jd.com/list.html?cat=1318,1462,2629",258
"手机,手机配件,充电器/数据线","http://list.jd.com/list.html?cat=9987,830,861",17
"运动户外,户外装备,军迷用品","http://list.jd.com/list.html?cat=1318,1462,5152",173
"家用电器,五金家装,电工电料","http://list.jd.com/list.html?cat=737,1277,6978",4
"生鲜,海鲜水产,鱼类","http://list.jd.com/list.html?cat=12218,12222,12241",53
"礼品箱包,功能箱包,腰包/胸包","http://list.jd.com/list.html?cat=1672,2577,12076",211
"家用电器,个护健康,美容器","http://list.jd.com/list.html?cat=737,1276,795",69
"汽车用品,维修保养,减震器","http://list.jd.com/list.html?cat=6728,6742,13243",239
"礼品箱包,礼品,礼盒礼券","http://list.jd.com/list.html?cat=1672,2599,1446",24
"生鲜,蔬菜,根茎类","http://list.jd.com/list.html?cat=12218,13553,13575",26
"服饰内衣,服饰配件,钥匙扣","http://list.jd.com/list.html?cat=1315,1346,12033",156
"数码,影音娱乐,MP3/MP4","http://list.jd.com/list.html?cat=652,828,837",27
"钟表,钟表,欧美表","http://list.jd.com/list.html?cat=5025,5026,13668",281
"玩具乐器,动漫玩具,电影周边","http://list.jd.com/list.html?cat=6233,6264,6272",166
"电脑、办公,办公设备,打印机","http://list.jd.com/list.html?cat=670,716,717",220
"玩具乐器,模型玩具,收藏爱好","http://list.jd.com/list.html?cat=6233,6253,6263",233
"运动户外,户外鞋服,户外袜","http://list.jd.com/list.html?cat=1318,2628,12142",143
"图书,进口原版,Literature & Fiction（文学与虚构类）","http://list.jd.com/list.html?cat=1713,4855,4870",223
"家用电器,厨房小电,煮蛋器","http://list.jd.com/list.html?cat=737,752,902",7
"食品饮料,茗茶,养生茶","http://list.jd.com/list.html?cat=1320,12202,12211",49
"生鲜,冷冻食品,水饺/馄饨","http://list.jd.com/list.html?cat=12218,13591,13592",5
"食品饮料,地方特产,北京","http://list.jd.com/list.html?cat=1320,1581,2644",20
"运动户外,游泳用品,比基尼","http://list.jd.com/list.html?cat=1318,12154,12160",97
"汽车用品,赛事改装,车身强化","http://list.jd.com/list.html?cat=6728,13256,13264",81
"生鲜,猪牛羊肉,猪肉","http://list.jd.com/list.html?cat=12218,13581,12247",21
"厨具,烹饪锅具,炒锅","http://list.jd.com/list.html?cat=6196,6197,6199",138
"珠宝首饰,黄金,黄金手镯/手链/脚链","http://list.jd.com/list.html?cat=6144,6145,6148",206
"电脑、办公,文具/耗材,学生文具","http://list.jd.com/list.html?cat=670,729,1449",233
"厨具,酒店用品,酒店水具","http://list.jd.com/list.html?cat=6196,9182,9185",4
"运动户外,体育用品,排球","http://list.jd.com/list.html?cat=1318,1466,1699",41
"图书,进口原版,ELT（英语学习）","http://list.jd.com/list.html?cat=1713,4855,4864",167
"厨具,餐具,碗/碟/盘","http://list.jd.com/list.html?cat=6196,6227,6230",211
"厨具,水具酒具,玻璃杯","http://list.jd.com/list.html?cat=6196,6219,6221",215
"运动户外,运动鞋包,跑步鞋","http://list.jd.com/list.html?cat=1318,12099,9756",247
"数码,智能设备,其他配件","http://list.jd.com/list.html?cat=652,12345,12355",144
"母婴,童车童床,婴儿床垫","http://list.jd.com/list.html?cat=1319,1528,13293",5
"服饰内衣,男装,短裤","http://list.jd.com/list.html?cat=1315,1342,12004",256
"运动户外,健身训练,其他器械","http://list.jd.com/list.html?cat=1318,1463,12113",267
"个护化妆,身体护理,手足","http://list.jd.com/list.html?cat=1316,1383,2562",234
"鞋靴,时尚女鞋,高跟鞋","http://list.jd.com/list.html?cat=11729,11731,9772",251
"家居家装,家纺,床单/床笠","http://list.jd.com/list.html?cat=1620,1621,1629",203
"食品饮料,茗茶,红茶","http://list.jd.com/list.html?cat=1320,12202,12207",198
"家用电器,五金家装,水槽","http://list.jd.com/list.html?cat=737,1277,5004",3
"母婴,安全座椅,提篮式","http://list.jd.com/list.html?cat=1319,12193,12194",6
"汽车用品,维修保养,添加剂","http://list.jd.com/list.html?cat=6728,6742,11850",213
"电脑、办公,电脑配件,显卡","http://list.jd.com/list.html?cat=670,677,679",35
"数码,影音娱乐,专业音频","http://list.jd.com/list.html?cat=652,828,962",173
"生鲜,水果,柚子","http://list.jd.com/list.html?cat=12218,12221,13562",4
"运动户外,运动服饰,卫衣/套头衫","http://list.jd.com/list.html?cat=1318,12102,9764",240
"家用电器,大 家 电,Hi-Fi专区","http://list.jd.com/list.html?cat=737,794,12526",4
"母婴,童车童床,婴儿床","http://list.jd.com/list.html?cat=1319,1528,1564",43
"运动户外,健身训练,瑜伽用品","http://list.jd.com/list.html?cat=1318,1463,12114",234
"食品饮料,食品礼券,月饼","http://list.jd.com/list.html?cat=1320,2641,2642",10
"家用电器,生活电器,干衣机","http://list.jd.com/list.html?cat=737,738,12395",11
"服饰内衣,服饰配件,耳罩/耳包","http://list.jd.com/list.html?cat=1315,1346,12036",64
"服饰内衣,内衣,大码内衣","http://list.jd.com/list.html?cat=1315,1345,12011",32
"珠宝首饰,翡翠玉石,挂件/摆件/把件","http://list.jd.com/list.html?cat=6144,6167,6175",239
"整车,二手车,中大型车（二手）","http://list.jd.com/list.html?cat=12379,13302,13307",76
"家居家装,灯具,吊灯","http://list.jd.com/list.html?cat=1620,1623,1651",27
"礼品箱包,奢侈品,腰带","http://list.jd.com/list.html?cat=1672,2615,9189",251
"玩具乐器,娃娃玩具,芭比娃娃","http://list.jd.com/list.html?cat=6233,6237,6257",203
"个护化妆,女性护理,脱毛膏","http://list.jd.com/list.html?cat=1316,1385,5150",28
"珠宝首饰,K金饰品,K金吊坠","http://list.jd.com/list.html?cat=6144,13062,13063",68
"电脑、办公,办公设备,考勤机","http://list.jd.com/list.html?cat=670,716,724",29
"数码,数码配件,存储卡","http://list.jd.com/list.html?cat=652,829,845",66
"手机,运营商,合约机","http://list.jd.com/list.html?cat=9987,6880,6881",11
"家居家装,家装软饰,创意家居","http://list.jd.com/list.html?cat=1620,11158,11969",220
"厨具,烹饪锅具,火锅","http://list.jd.com/list.html?cat=6196,6197,11976",47
"服饰内衣,内衣,秋衣秋裤","http://list.jd.com/list.html?cat=1315,1345,12015",203
"电脑、办公,电脑整机,笔记本","http://list.jd.com/list.html?cat=670,671,672",813
"运动户外,骑行运动,平衡车","http://list.jd.com/list.html?cat=1318,12115,12861",220
"个护化妆,洗发护发,美发工具","http://list.jd.com/list.html?cat=1316,1386,13550",44
"母婴,童装童鞋,凉鞋","http://list.jd.com/list.html?cat=1319,11842,11232",209
"厨具,刀剪菜板,菜刀","http://list.jd.com/list.html?cat=6196,6198,6209",94
"珠宝首饰,彩宝,坦桑石","http://list.jd.com/list.html?cat=6144,6174,13074",55
"食品饮料,茗茶,普洱","http://list.jd.com/list.html?cat=1320,12202,12204",201
"汽车用品,汽车装饰,头枕腰靠","http://list.jd.com/list.html?cat=6728,6745,11887",224
"个护化妆,清洁用品,清洁工具","http://list.jd.com/list.html?cat=1316,1625,1667",274
"珠宝首饰,K金饰品,K金戒指","http://list.jd.com/list.html?cat=6144,13062,13067",240
"汽车用品,赛事改装,悬挂系统","http://list.jd.com/list.html?cat=6728,13256,13260",10
"母婴,寝居服饰,安全防护","http://list.jd.com/list.html?cat=1319,6313,6317",84
"服饰内衣,男装,休闲裤","http://list.jd.com/list.html?cat=1315,1342,9736",332
"家用电器,生活电器,其它生活电器","http://list.jd.com/list.html?cat=737,738,825",44
"整车,二手车,面包车（二手）","http://list.jd.com/list.html?cat=12379,13302,13313",21
"运动户外,户外装备,滑雪装备","http://list.jd.com/list.html?cat=1318,1462,12144",179
"珠宝首饰,钻石,钻石耳饰","http://list.jd.com/list.html?cat=6144,6160,6164",96
"服饰内衣,女装,礼服","http://list.jd.com/list.html?cat=1315,1343,11996",217
"生鲜,冷冻食品,面点","http://list.jd.com/list.html?cat=12218,13591,13594",10
"运动户外,体育用品,网球","http://list.jd.com/list.html?cat=1318,1466,1696",162
"食品饮料,饮料冲调,成人奶粉","http://list.jd.com/list.html?cat=1320,1585,12201",40
"家用电器,生活电器,电风扇","http://list.jd.com/list.html?cat=737,738,751",29
"家用电器,生活电器,收录/音机","http://list.jd.com/list.html?cat=737,738,801",17
"汽车用品,维修保养,汽车玻璃","http://list.jd.com/list.html?cat=6728,6742,13246",8
"汽车用品,车载电器,安全预警仪","http://list.jd.com/list.html?cat=6728,6740,9959",33
"母婴,洗护用品,驱蚊防晒","http://list.jd.com/list.html?cat=1319,1527,1560",99
"电脑、办公,服务产品,延保服务","http://list.jd.com/list.html?cat=670,703,10969",9
"珠宝首饰,K金饰品,K金项链","http://list.jd.com/list.html?cat=6144,13062,13064",140
"服饰内衣,内衣,情侣睡衣","http://list.jd.com/list.html?cat=1315,1345,12006",212
"厨具,水具酒具,运动水壶","http://list.jd.com/list.html?cat=6196,6219,6850",32
"玩具乐器,DIY玩具,绘画工具","http://list.jd.com/list.html?cat=6233,6279,6283",209
"运动户外,户外鞋服,功能内衣","http://list.jd.com/list.html?cat=1318,2628,12132",228
"母婴,妈妈专区,防辐射服","http://list.jd.com/list.html?cat=1319,4997,4999",121
"汽车用品,安全自驾,摩托车","http://list.jd.com/list.html?cat=6728,6747,13270",223
"母婴,喂养用品,围兜/防溅衣","http://list.jd.com/list.html?cat=1319,1526,13286",60
"生鲜,水果,葡萄/提子","http://list.jd.com/list.html?cat=12218,12221,13561",3
"电脑、办公,外设产品,键盘","http://list.jd.com/list.html?cat=670,686,689",209
"图书,进口原版,Biographies & Memoirs（传记与自传）","http://list.jd.com/list.html?cat=1713,4855,4857",199
"礼品箱包,奢侈品,钱包","http://list.jd.com/list.html?cat=1672,2615,9187",260
"整车,全新整车,紧凑型车","http://list.jd.com/list.html?cat=12379,12380,12383",49
"手机,手机配件,手机耳机","http://list.jd.com/list.html?cat=9987,830,862",261
"汽车用品,汽车服务,车险","http://list.jd.com/list.html?cat=6728,12402,13664",3
"电脑、办公,办公设备,办公家具","http://list.jd.com/list.html?cat=670,716,11221",39
"生鲜,禽肉蛋品,其他禽类","http://list.jd.com/list.html?cat=12218,13586,13590",3
"个护化妆,身体护理,洗发护发","http://list.jd.com/list.html?cat=1316,1383,5148",24
"汽车用品,车载电器,吸尘器","http://list.jd.com/list.html?cat=6728,6740,6752",128
"服饰内衣,服饰配件,真皮手套","http://list.jd.com/list.html?cat=1315,1346,12026",211
"数码,数码配件,数码支架","http://list.jd.com/list.html?cat=652,829,12810",6
"服饰内衣,男装,羊毛衫","http://list.jd.com/list.html?cat=1315,1342,12089",230
"厨具,酒店用品,酒店餐具","http://list.jd.com/list.html?cat=6196,9182,9184",11
"汽车用品,车载电器,智能驾驶","http://list.jd.com/list.html?cat=6728,6740,12408",35
"汽车用品,美容清洗,补漆笔","http://list.jd.com/list.html?cat=6728,6743,9974",262
"运动户外,垂钓用品,渔具包","http://list.jd.com/list.html?cat=1318,12147,12152",127
"整车,二手车,微型车（二手）","http://list.jd.com/list.html?cat=12379,13302,13303",14
"家用电器,大 家 电,空调","http://list.jd.com/list.html?cat=737,794,870",24
"整车,全新整车,MPV","http://list.jd.com/list.html?cat=12379,12380,12388",22
"数码,数码配件,滤镜","http://list.jd.com/list.html?cat=652,829,835",249
"数码,电子教育,录音笔","http://list.jd.com/list.html?cat=652,12346,840",76
"服饰内衣,服饰配件,毛线帽","http://list.jd.com/list.html?cat=1315,1346,9793",217
"玩具乐器,乐器,工艺礼品乐器","http://list.jd.com/list.html?cat=6233,6291,6308",5
"运动户外,户外装备,极限户外","http://list.jd.com/list.html?cat=1318,1462,12145",207
"家居家装,家装软饰,花瓶花艺","http://list.jd.com/list.html?cat=1620,11158,11967",210
"珠宝首饰,木手串/把件,小叶紫檀","http://list.jd.com/list.html?cat=6144,12041,12047",245
"母婴,童装童鞋,裤子","http://list.jd.com/list.html?cat=1319,11842,11224",256
"整车,全新整车,中型车","http://list.jd.com/list.html?cat=12379,12380,12384",19
"汽车用品,维修保养,贴膜","http://list.jd.com/list.html?cat=6728,6742,6770",290
"钟表,钟表,钟表配件","http://list.jd.com/list.html?cat=5025,5026,13671",281
"礼品箱包,婚庆,婚嫁首饰","http://list.jd.com/list.html?cat=1672,12059,7066",4
"珠宝首饰,铂金,铂金戒指","http://list.jd.com/list.html?cat=6144,12040,12045",103
"食品饮料,茗茶,黑茶","http://list.jd.com/list.html?cat=1320,12202,12212",52
"玩具乐器,积木拼插,拼图","http://list.jd.com/list.html?cat=6233,6275,6282",207
"运动户外,垂钓用品,鱼竿鱼线","http://list.jd.com/list.html?cat=1318,12147,12148",236
"数码,摄影摄像,影棚器材","http://list.jd.com/list.html?cat=652,654,12344",222
"服饰内衣,男装,羊绒衫","http://list.jd.com/list.html?cat=1315,1342,9726",180
"家居家装,家纺,毛巾浴巾","http://list.jd.com/list.html?cat=1620,1621,1634",206
"礼品箱包,精品男包,卡包名片夹","http://list.jd.com/list.html?cat=1672,2576,13542",70
"数码,数码配件,闪光灯/手柄","http://list.jd.com/list.html?cat=652,829,836",36
"手机,手机配件,拍照配件","http://list.jd.com/list.html?cat=9987,830,12809",189
"图书,港台图书,g/O","http://list.jd.com/list.html?cat=1713,6929,6930",64
"家居家装,家装软饰,香薰蜡烛","http://list.jd.com/list.html?cat=1620,11158,11968",97
"运动户外,运动服饰,夹克/风衣","http://list.jd.com/list.html?cat=1318,12102,9763",282
"运动户外,骑行运动,折叠车","http://list.jd.com/list.html?cat=1318,12115,12116",61
"厨具,厨房配件,饭盒/提锅","http://list.jd.com/list.html?cat=6196,6214,6218",93
"家用电器,大 家 电,功放","http://list.jd.com/list.html?cat=737,794,12524",7
"服饰内衣,男装,夹克","http://list.jd.com/list.html?cat=1315,1342,9730",334
"母婴,寝居服饰,婴儿内衣","http://list.jd.com/list.html?cat=1319,6313,11234",264
"个护化妆,面部护肤,乳液面霜","http://list.jd.com/list.html?cat=1316,1381,1391",272
"数码,影音娱乐,麦克风","http://list.jd.com/list.html?cat=652,828,869",202
"玩具乐器,积木拼插,积木","http://list.jd.com/list.html?cat=6233,6275,6280",258
"母婴,童装童鞋,功能鞋","http://list.jd.com/list.html?cat=1319,11842,11233",142
"生鲜,水果,水果礼盒/券","http://list.jd.com/list.html?cat=12218,12221,13572",7
"珠宝首饰,银饰,银手镯/手链/脚链","http://list.jd.com/list.html?cat=6144,6155,6157",220
"运动户外,体育用品,棋牌麻将","http://list.jd.com/list.html?cat=1318,1466,5155",251
"电脑、办公,游戏设备,游戏耳机","http://list.jd.com/list.html?cat=670,12800,12802",18
"手机,手机配件,便携/无线音响","http://list.jd.com/list.html?cat=9987,830,11301",18
"厨具,茶具/咖啡具,茶叶罐","http://list.jd.com/list.html?cat=6196,11143,11152",160
"珠宝首饰,黄金,黄金项链","http://list.jd.com/list.html?cat=6144,6145,13101",147
"图书,社会科学","http://list.jd.com/list.html?cat=1713,3281&jth=i",211
"个护化妆,女性护理,私密护理","http://list.jd.com/list.html?cat=1316,1385,1410",82
"食品饮料,粮油调味,米面杂粮","http://list.jd.com/list.html?cat=1320,1584,2675",213
"家居家装,家纺,凉席","http://list.jd.com/list.html?cat=1620,1621,11963",112
"家用电器,生活电器,净水器","http://list.jd.com/list.html?cat=737,738,898",122
"母婴,童装童鞋,儿童配饰","http://list.jd.com/list.html?cat=1319,11842,3977",256
"鞋靴,时尚女鞋,坡跟鞋","http://list.jd.com/list.html?cat=11729,11731,12061",60
"数码,影音娱乐,苹果配件","http://list.jd.com/list.html?cat=652,828,5270",97
"生鲜,水果,苹果","http://list.jd.com/list.html?cat=12218,12221,13554",24
"本地生活/旅游出行,游戏,游戏点卡","http://list.jd.com/list.html?cat=4938,4941,4835",122
"服饰内衣,服饰配件,礼帽","http://list.jd.com/list.html?cat=1315,1346,12025",170
"汽车用品,安全自驾,保温箱","http://list.jd.com/list.html?cat=6728,6747,6804",63
"母婴,洗护用品,洗衣液/皂","http://list.jd.com/list.html?cat=1319,1527,1557",87
"珠宝首饰,黄金,黄金戒指","http://list.jd.com/list.html?cat=6144,6145,6149",74
"服饰内衣,内衣,吊带/背心","http://list.jd.com/list.html?cat=1315,1345,1365",205
"玩具乐器,DIY玩具,手工彩泥","http://list.jd.com/list.html?cat=6233,6279,6281",200
"厨具,茶具/咖啡具,茶杯","http://list.jd.com/list.html?cat=6196,11143,11149",222
"玩具乐器,乐器,钢琴","http://list.jd.com/list.html?cat=6233,6291,6294",25
"家居家装,灯具,装饰灯","http://list.jd.com/list.html?cat=1620,1623,1650",15
"手机,手机配件,手机保护套","http://list.jd.com/list.html?cat=9987,830,866",294
"家用电器,厨房小电,酸奶机","http://list.jd.com/list.html?cat=737,752,762",12
"服饰内衣,男装,西服套装","http://list.jd.com/list.html?cat=1315,1342,9738",247
"图书,港台图书,管理","http://list.jd.com/list.html?cat=1713,3295,6954",31
"珠宝首饰,钻石,钻石项链/吊坠","http://list.jd.com/list.html?cat=6144,6160,6163",218
"电脑、办公,电脑配件,刻录机/光驱","http://list.jd.com/list.html?cat=670,677,684",7
"整车,二手车,中型车（二手）","http://list.jd.com/list.html?cat=12379,13302,13306",225
"电脑、办公,电脑整机,台式机","http://list.jd.com/list.html?cat=670,671,673",263
"厨具,厨房配件,储物/置物架","http://list.jd.com/list.html?cat=6196,6214,11977",220
"珠宝首饰,木手串/把件,金丝楠","http://list.jd.com/list.html?cat=6144,12041,12050",133
"家用电器,厨房小电,电热饭盒","http://list.jd.com/list.html?cat=737,752,12398",6
"数码,智能设备,智能配饰","http://list.jd.com/list.html?cat=652,12345,12352",22
"生鲜,水果,菠萝/凤梨","http://list.jd.com/list.html?cat=12218,12221,13566",4
"个护化妆,洗发护发,染发","http://list.jd.com/list.html?cat=1316,1386,11924",201
"母婴,喂养用品,奶瓶奶嘴","http://list.jd.com/list.html?cat=1319,1526,7060",271
"运动户外,健身训练,仰卧板/收腹机","http://list.jd.com/list.html?cat=1318,1463,12112",213
"汽车用品,维修保养,刹车片/盘","http://list.jd.com/list.html?cat=6728,6742,11859",333
"个护化妆,身体护理,颈部","http://list.jd.com/list.html?cat=1316,1383,1394",21
"手机,运营商,办号卡","http://list.jd.com/list.html?cat=9987,6880,1195",6
"母婴,洗护用品,座便器","http://list.jd.com/list.html?cat=1319,1527,1562",68
"个护化妆,洗发护发,造型","http://list.jd.com/list.html?cat=1316,1386,11925",107
"运动户外,户外装备,望远镜","http://list.jd.com/list.html?cat=1318,1462,1480",266
"礼品箱包,礼品,火机烟具","http://list.jd.com/list.html?cat=1672,2599,1440",315
"数码,影音娱乐,MP3/MP4配件","http://list.jd.com/list.html?cat=652,828,1274",4
"汽车用品,车载电器,蓝牙设备","http://list.jd.com/list.html?cat=6728,6740,9962",189
"家用电器,个护健康,电吹风","http://list.jd.com/list.html?cat=737,1276,740",48
"珠宝首饰,时尚饰品,胸针","http://list.jd.com/list.html?cat=6144,6182,6193",215
"运动户外,运动服饰,套装","http://list.jd.com/list.html?cat=1318,12102,9767",248
"服饰内衣,内衣,连裤袜/丝袜","http://list.jd.com/list.html?cat=1315,1345,9748",212
"手机,手机配件,数据线","http://list.jd.com/list.html?cat=9987,830,13661",227
"电脑、办公,办公设备,验钞/点钞机","http://list.jd.com/list.html?cat=670,716,725",20
"珠宝首饰,珍珠,珍珠胸针","http://list.jd.com/list.html?cat=6144,12042,12058",38
"电脑、办公,电脑配件,主板","http://list.jd.com/list.html?cat=670,677,681",33
"鞋靴,流行男鞋,增高鞋","http://list.jd.com/list.html?cat=11729,11730,12066",239
"服饰内衣,服饰配件,毛线/布面料","http://list.jd.com/list.html?cat=1315,1346,12038",103
"汽车用品,美容清洗,车蜡","http://list.jd.com/list.html?cat=6728,6743,11875",56
"厨具,水具酒具,塑料杯","http://list.jd.com/list.html?cat=6196,6219,6220",104
"数码,数码配件,机身附件","http://list.jd.com/list.html?cat=652,829,10971",166
"家用电器,五金家装,家具五金","http://list.jd.com/list.html?cat=737,1277,4834",3
"汽车用品,品牌,车系,年款,车型,维修保养,机油","http://list.jd.com/list.html?cat=6728,6742,11849",200
"运动户外,户外鞋服,T恤","http://list.jd.com/list.html?cat=1318,2628,12130",218
"家用电器,个护健康,剃/脱毛器","http://list.jd.com/list.html?cat=737,1276,742",26
"珠宝首饰,木手串/把件,黄花梨","http://list.jd.com/list.html?cat=6144,12041,12048",249
"母婴,营养辅食,清火/开胃","http://list.jd.com/list.html?cat=1319,1524,1539",25
"食品饮料,休闲食品,饼干蛋糕","http://list.jd.com/list.html?cat=1320,1583,1595",269
"生鲜,海鲜水产,海参","http://list.jd.com/list.html?cat=12218,12222,12240",42
"个护化妆,身体护理,沐浴","http://list.jd.com/list.html?cat=1316,1383,1401",222
"母婴,妈妈专区,孕期营养","http://list.jd.com/list.html?cat=1319,4997,6319",15
"运动户外,户外鞋服,户外风衣","http://list.jd.com/list.html?cat=1318,2628,12131",214
"汽车用品,车载电器,智能车机","http://list.jd.com/list.html?cat=6728,6740,13248",287
"运动户外,健身训练,其他大型器械","http://list.jd.com/list.html?cat=1318,1463,12110",203
"鞋靴,时尚女鞋,鞋配件","http://list.jd.com/list.html?cat=11729,11731,9779",212
"运动户外,游泳用品,泳镜","http://list.jd.com/list.html?cat=1318,12154,12155",96
"母婴,安全座椅,增高垫","http://list.jd.com/list.html?cat=1319,12193,12196",4
"家用电器,厨房小电,电炖锅","http://list.jd.com/list.html?cat=737,752,9249",27
"运动户外,户外装备,野餐用品","http://list.jd.com/list.html?cat=1318,1462,1477",269
"手机,手机通讯,对讲机","http://list.jd.com/list.html?cat=9987,653,659",109
"电脑、办公,电脑整机,平板电脑配件","http://list.jd.com/list.html?cat=670,671,5146",203
"汽车用品,美容清洗,洗车配件","http://list.jd.com/list.html?cat=6728,6743,11880",234
"玩具乐器,模型玩具,拼插模型","http://list.jd.com/list.html?cat=6233,6253,6262",212
"运动户外,健身训练,武术搏击","http://list.jd.com/list.html?cat=1318,1463,5153",291
"生鲜,海鲜水产,海产礼盒","http://list.jd.com/list.html?cat=12218,12222,13580",22
"汽车用品,安全自驾,摩托车装备","http://list.jd.com/list.html?cat=6728,6747,9985",312
"珠宝首饰,时尚饰品,手链/脚链","http://list.jd.com/list.html?cat=6144,6182,6189",242
"汽车用品,车载电器,行车记录仪","http://list.jd.com/list.html?cat=6728,6740,6964",306
"图书,文化","http://list.jd.com/list.html?cat=1713,3280&jth=i",248
"玩具乐器,健身玩具,爬行垫/毯","http://list.jd.com/list.html?cat=6233,6260,6266",228
"运动户外,户外鞋服,滑雪服","http://list.jd.com/list.html?cat=1318,2628,12125",210
"汽车用品,维修保养,汽修工具","http://list.jd.com/list.html?cat=6728,6742,6795",214
"厨具,水具酒具,酒杯/酒具","http://list.jd.com/list.html?cat=6196,6219,6225",227
"母婴,童车童床,餐椅摇椅","http://list.jd.com/list.html?cat=1319,1528,1565",33
"运动户外,健身训练,运动护具","http://list.jd.com/list.html?cat=1318,1463,1487",317
"服饰内衣,女装,大码女装","http://list.jd.com/list.html?cat=1315,1343,9722",294
"汽车用品,维修保养,火花塞","http://list.jd.com/list.html?cat=6728,6742,6767",277
"图书,港台图书,少","http://list.jd.com/list.html?cat=1713,6929,9381",65
"玩具乐器,适用年龄,1-3岁","http://list.jd.com/list.html?cat=6233,6234,6241",121
"个护化妆,身体护理,美胸","http://list.jd.com/list.html?cat=1316,1383,11928",30
"食品饮料,粮油调味,南北干货","http://list.jd.com/list.html?cat=1320,1584,2678",199
"手机,手机配件,车载配件","http://list.jd.com/list.html?cat=9987,830,864",125
"整车,全新整车,中大型车","http://list.jd.com/list.html?cat=12379,12380,12385",7
"礼品箱包,奢侈品,箱包","http://list.jd.com/list.html?cat=1672,2615,9186",321
"厨具,烹饪锅具,锅具套装","http://list.jd.com/list.html?cat=6196,6197,6205",81
"生鲜,禽肉蛋品,蛋类","http://list.jd.com/list.html?cat=12218,13586,12250",85
"运动户外,骑行运动,城市自行车","http://list.jd.com/list.html?cat=1318,12115,12119",102
"运动户外,户外鞋服,雪地靴","http://list.jd.com/list.html?cat=1318,2628,12135",22
"玩具乐器,益智玩具,摇铃/床铃","http://list.jd.com/list.html?cat=6233,6271,6276",110
"玩具乐器,遥控/电动,遥控船","http://list.jd.com/list.html?cat=6233,6235,6247",37
"服饰内衣,女装,正装裤","http://list.jd.com/list.html?cat=1315,1343,9718",235
"厨具,烹饪锅具,奶锅","http://list.jd.com/list.html?cat=6196,6197,6204",32
"手机,运营商,选号中心","http://list.jd.com/list.html?cat=9987,6880,12360",9
"母婴,喂养用品,暖奶消毒","http://list.jd.com/list.html?cat=1319,1526,1551",75
"珠宝首饰,木手串/把件,沉香木","http://list.jd.com/list.html?cat=6144,12041,12049",244
"鞋靴,时尚女鞋,雨鞋/雨靴","http://list.jd.com/list.html?cat=11729,11731,9777",87
"钟表,钟表,瑞表","http://list.jd.com/list.html?cat=5025,5026,13673",306
"生鲜,水果,芒果","http://list.jd.com/list.html?cat=12218,12221,13558",8
"珠宝首饰,黄金,黄金吊坠","http://list.jd.com/list.html?cat=6144,6145,6147",160
"厨具,水具酒具,陶瓷/马克杯","http://list.jd.com/list.html?cat=6196,6219,6222",185
"鞋靴,流行男鞋,传统布鞋","http://list.jd.com/list.html?cat=11729,11730,6910",144
"汽车用品,维修保养,防冻液","http://list.jd.com/list.html?cat=6728,6742,6756",47
"生鲜,冷冻食品,奶酪黄油","http://list.jd.com/list.html?cat=12218,13591,13597",4
"家用电器,五金家装,灯具","http://list.jd.com/list.html?cat=737,1277,1295",3
"数码,电子教育,早教益智","http://list.jd.com/list.html?cat=652,12346,12359",35
"生鲜,海鲜水产,海产干货","http://list.jd.com/list.html?cat=12218,12222,12245",20
"厨具,厨房配件,厨房DIY/小工具","http://list.jd.com/list.html?cat=6196,6214,11978",252
"运动户外,户外鞋服,羽绒服/棉服","http://list.jd.com/list.html?cat=1318,2628,12126",269
